"id_beh","input_order","numbers","uppercase","naStartTs","naStartE","naFinishTs","naFinishE","cnStartTs","cnStartE","cnFinishTs","cnFinishE","scStartTs","scStartE","scFinishTs","scFinishE","mStartTs","mStartE","mFinishTs","mFinishE","yStartTs","yStartE","yFinishTs","yFinishE","StartTs","StartE","FinishTs","FinishE"
"1","1-2-3-4-5","Mixed","CapsLock","2023-12-22 14:04:49:000164","1703264689165","2023-12-22 14:04:55:000753","1703264695753","2023-12-22 14:04:23:000459","1703264663459","2023-12-22 14:04:37:000345","1703264677345","2023-12-22 14:04:45:000360","1703264685360","2023-12-22 14:04:49:000164","1703264689164","2023-12-22 14:04:37:000345","1703264677345","2023-12-22 14:04:41:000846","1703264681846","2023-12-22 14:04:41:000846","1703264681846","2023-12-22 14:04:45:000359","1703264685359","2023-12-22 14:04:23:000459","1703264663459","2023-12-22 14:04:55:000753","1703264695753"
"2","1-2-3-4-5","Numpad","Mixed","2023-12-23 07:44:47:000504","1703328287504","2023-12-23 07:44:58:000553","1703328298553","2023-12-23 07:44:24:000022","1703328264022","2023-12-23 07:44:36:000818","1703328276818","2023-12-23 07:44:43:000818","1703328283818","2023-12-23 07:44:47:000504","1703328287504","2023-12-23 07:44:36:000818","1703328276818","2023-12-23 07:44:40:000116","1703328280116","2023-12-23 07:44:40:000116","1703328280116","2023-12-23 07:44:43:000817","1703328283817","2023-12-23 07:44:24:000022","1703328264022","2023-12-23 07:44:58:000553","1703328298553"
"3","1-2-3-4-5","Numpad","CapsLock","2023-12-23 07:58:50:000595","1703329130595","2023-12-23 07:59:01:000624","1703329141624","2023-12-23 07:58:26:000047","1703329106047","2023-12-23 07:58:39:000887","1703329119887","2023-12-23 07:58:47:000415","1703329127415","2023-12-23 07:58:50:000594","1703329130594","2023-12-23 07:58:39:000887","1703329119887","2023-12-23 07:58:43:000032","1703329123032","2023-12-23 07:58:43:000032","1703329123032","2023-12-23 07:58:47:000415","1703329127415","2023-12-23 07:58:26:000047","1703329106047","2023-12-23 07:59:01:000624","1703329141624"
"4","1-2-3-4-5","Numpad","Mixed","2023-12-23 17:45:44:000321","1703364344321","2023-12-23 17:45:59:000879","1703364359879","2023-12-23 17:45:20:000899","1703364320899","2023-12-23 17:45:31:000546","1703364331546","2023-12-23 17:45:41:000211","1703364341211","2023-12-23 17:45:44:000321","1703364344321","2023-12-23 17:45:31:000547","1703364331547","2023-12-23 17:45:36:000492","1703364336492","2023-12-23 17:45:36:000492","1703364336492","2023-12-23 17:45:41:000211","1703364341211","2023-12-23 17:45:20:000899","1703364320899","2023-12-23 17:46:06:000504","1703364366504"
"5","1-2-3-4-5","Mixed","CapsLock","2023-12-23 18:11:35:000975","1703365895975","2023-12-23 18:11:44:000601","1703365904601","2023-12-23 18:11:12:000379","1703365872379","2023-12-23 18:11:26:000588","1703365886588","2023-12-23 18:11:33:000026","1703365893026","2023-12-23 18:11:35:000975","1703365895975","2023-12-23 18:11:26:000588","1703365886588","2023-12-23 18:11:28:000801","1703365888802","2023-12-23 18:11:28:000802","1703365888802","2023-12-23 18:11:33:000025","1703365893025","2023-12-23 18:11:12:000379","1703365872379","2023-12-23 18:11:44:000601","1703365904601"
"6","1-2-3-4-5","Numpad","CapsLock","2023-12-23 19:58:56:000663","1703372336663","2023-12-23 19:59:04:000129","1703372344129","2023-12-23 19:58:34:000000","1703372314000","2023-12-23 19:58:46:000219","1703372326219","2023-12-23 19:58:52:000886","1703372332886","2023-12-23 19:58:56:000663","1703372336663","2023-12-23 19:58:46:000219","1703372326219","2023-12-23 19:58:48:000432","1703372328432","2023-12-23 19:58:48:000432","1703372328432","2023-12-23 19:58:52:000885","1703372332885","2023-12-23 19:58:34:000000","1703372314000","2023-12-23 19:59:04:000129","1703372344129"
"7","1-2-3-4-5","Numpad","CapsLock","2023-12-23 20:51:27:000920","1703375487920","2023-12-23 20:51:34:000712","1703375494712","2023-12-23 20:51:08:000414","1703375468414","2023-12-23 20:51:19:000095","1703375479095","2023-12-23 20:51:24:000586","1703375484586","2023-12-23 20:51:27:000920","1703375487920","2023-12-23 20:51:19:000096","1703375479096","2023-12-23 20:51:21:000599","1703375481599","2023-12-23 20:51:21:000599","1703375481599","2023-12-23 20:51:24:000586","1703375484586","2023-12-23 20:51:08:000414","1703375468414","2023-12-23 20:51:34:000712","1703375494712"
"8","1-2-3-4-5","Numpad","Mixed","2023-12-24 09:00:55:000880","1703419255880","2023-12-24 09:01:10:000083","1703419270083","2023-12-24 09:00:33:000149","1703419233150","2023-12-24 09:00:45:000889","1703419245889","2023-12-24 09:00:52:000181","1703419252181","2023-12-24 09:00:55:000879","1703419255879","2023-12-24 09:00:45:000889","1703419245889","2023-12-24 09:00:48:000902","1703419248902","2023-12-24 09:00:48:000902","1703419248902","2023-12-24 09:00:52:000181","1703419252181","2023-12-24 09:00:33:000150","1703419233150","2023-12-24 09:01:10:000083","1703419270083"
"9","1-2-3-4-5","Numpad","Mixed","2023-12-24 10:19:11:000248","1703423951248","2023-12-24 10:19:21:000756","1703423961756","2023-12-24 10:18:42:000320","1703423922320","2023-12-24 10:18:57:000261","1703423937261","2023-12-24 10:19:06:000912","1703423946912","2023-12-24 10:19:11:000247","1703423951247","2023-12-24 10:18:57:000261","1703423937261","2023-12-24 10:19:01:000213","1703423941213","2023-12-24 10:19:01:000213","1703423941213","2023-12-24 10:19:06:000390","1703423946390","2023-12-24 10:18:42:000320","1703423922320","2023-12-24 10:19:21:000756","1703423961756"
"10","1-2-3-4-5","Numpad","CapsLock","2023-12-24 10:54:42:000371","1703426082371","2023-12-24 10:54:50:000229","1703426090229","2023-12-24 10:54:19:000968","1703426059968","2023-12-24 10:54:32:000166","1703426072166","2023-12-24 10:54:39:000548","1703426079548","2023-12-24 10:54:42:000371","1703426082371","2023-12-24 10:54:32:000167","1703426072167","2023-12-24 10:54:35:000061","1703426075061","2023-12-24 10:54:35:000061","1703426075061","2023-12-24 10:54:39:000547","1703426079547","2023-12-24 10:54:19:000968","1703426059968","2023-12-24 10:54:50:000229","1703426090229"
"11","1-2-3-4-5","Numpad","CapsLock","2023-12-24 11:51:19:000288","1703429479288","2023-12-24 11:51:29:000134","1703429489134","2023-12-24 11:50:58:000299","1703429458299","2023-12-24 11:51:10:000635","1703429470635","2023-12-24 11:51:15:000878","1703429475878","2023-12-24 11:51:19:000287","1703429479287","2023-12-24 11:51:10:000635","1703429470635","2023-12-24 11:51:12:000968","1703429472968","2023-12-24 11:51:12:000969","1703429472969","2023-12-24 11:51:15:000877","1703429475877","2023-12-24 11:50:58:000299","1703429458299","2023-12-24 11:51:29:000134","1703429489134"
"12","1-2-3-4-5","Numpad","CapsLock","2023-12-24 13:58:28:000990","1703437108990","2023-12-24 13:58:37:000218","1703437117218","2023-12-24 13:58:05:000907","1703437085907","2023-12-24 13:58:18:000890","1703437098890","2023-12-24 13:58:25:000128","1703437105128","2023-12-24 13:58:28:000990","1703437108990","2023-12-24 13:58:18:000891","1703437098891","2023-12-24 13:58:21:000319","1703437101319","2023-12-24 13:58:21:000319","1703437101319","2023-12-24 13:58:25:000127","1703437105127","2023-12-24 13:58:05:000907","1703437085907","2023-12-24 13:58:37:000218","1703437117218"
"13","1-2-3-4-5","Numpad","CapsLock","2023-12-24 14:37:48:000501","1703439468501","2023-12-24 14:37:58:000773","1703439478773","2023-12-24 14:37:27:000496","1703439447496","2023-12-24 14:37:39:000214","1703439459214","2023-12-24 14:37:45:000056","1703439465056","2023-12-24 14:37:48:000500","1703439468500","2023-12-24 14:37:39:000214","1703439459214","2023-12-24 14:37:41:000450","1703439461450","2023-12-24 14:37:41:000451","1703439461451","2023-12-24 14:37:45:000055","1703439465055","2023-12-24 14:37:27:000496","1703439447496","2023-12-24 14:37:58:000773","1703439478773"
"14","1-2-3-4-5","Numpad","CapsLock","2023-12-24 15:59:30:000497","1703444370497","2023-12-24 15:59:38:000012","1703444378012","2023-12-24 15:59:04:000900","1703444344900","2023-12-24 15:59:19:000793","1703444359793","2023-12-24 15:59:26:000446","1703444366446","2023-12-24 15:59:30:000497","1703444370497","2023-12-24 15:59:19:000793","1703444359793","2023-12-24 15:59:22:000514","1703444362514","2023-12-24 15:59:22:000514","1703444362514","2023-12-24 15:59:26:000445","1703444366445","2023-12-24 15:59:04:000900","1703444344900","2023-12-24 15:59:38:000012","1703444378012"
"15","1-2-3-4-5","Mixed","CapsLock","2023-12-24 19:20:24:000279","1703456424279","2023-12-24 19:20:31:000087","1703456431087","2023-12-24 19:20:00:000368","1703456400368","2023-12-24 19:20:12:000555","1703456412555","2023-12-24 19:20:19:000152","1703456419152","2023-12-24 19:20:24:000279","1703456424279","2023-12-24 19:20:12:000555","1703456412555","2023-12-24 19:20:15:000303","1703456415303","2023-12-24 19:20:15:000304","1703456415304","2023-12-24 19:20:19:000152","1703456419152","2023-12-24 19:20:00:000368","1703456400368","2023-12-24 19:20:31:000087","1703456431087"
"16","1-2-3-4-5","Numpad","CapsLock","2023-12-25 10:09:20:000514","1703509760514","2023-12-25 10:09:28:000147","1703509768147","2023-12-25 10:08:57:000797","1703509737797","2023-12-25 10:09:10:000170","1703509750170","2023-12-25 10:09:16:000257","1703509756257","2023-12-25 10:09:19:000756","1703509759756","2023-12-25 10:09:10:000170","1703509750170","2023-12-25 10:09:12:000950","1703509752950","2023-12-25 10:09:12:000951","1703509752951","2023-12-25 10:09:16:000257","1703509756257","2023-12-25 10:08:57:000797","1703509737797","2023-12-25 10:09:28:000147","1703509768147"
"17","1-2-3-4-5","Mixed","CapsLock","2023-12-25 11:07:01:000989","1703513221989","2023-12-25 11:07:10:000861","1703513230861","2023-12-25 11:06:37:000246","1703513197246","2023-12-25 11:06:50:000550","1703513210550","2023-12-25 11:06:58:000865","1703513218865","2023-12-25 11:07:01:000989","1703513221989","2023-12-25 11:06:50:000551","1703513210551","2023-12-25 11:06:55:000122","1703513215122","2023-12-25 11:06:55:000122","1703513215122","2023-12-25 11:06:58:000865","1703513218865","2023-12-25 11:06:37:000246","1703513197246","2023-12-25 11:07:10:000861","1703513230861"
"18","1-2-3-4-5","Numpad","CapsLock","2023-12-25 15:28:37:000366","1703528917366","2023-12-25 15:28:44:000707","1703528924707","2023-12-25 15:28:15:000856","1703528895856","2023-12-25 15:28:28:000730","1703528908730","2023-12-25 15:28:34:000471","1703528914471","2023-12-25 15:28:37:000365","1703528917365","2023-12-25 15:28:28:000730","1703528908730","2023-12-25 15:28:31:000263","1703528911263","2023-12-25 15:28:31:000263","1703528911263","2023-12-25 15:28:34:000471","1703528914471","2023-12-25 15:28:15:000856","1703528895856","2023-12-25 15:28:44:000707","1703528924707"
"19","1-2-3-4-5","Mixed","CapsLock","2023-12-25 17:07:02:000090","1703534822090","2023-12-25 17:07:15:000638","1703534835638","2023-12-25 17:06:36:000825","1703534796825","2023-12-25 17:06:51:000771","1703534811771","2023-12-25 17:06:58:000464","1703534818464","2023-12-25 17:07:02:000090","1703534822090","2023-12-25 17:06:51:000772","1703534811772","2023-12-25 17:06:54:000845","1703534814845","2023-12-25 17:06:54:000845","1703534814845","2023-12-25 17:06:58:000464","1703534818464","2023-12-25 17:06:36:000825","1703534796825","2023-12-25 17:07:15:000638","1703534835638"
"20","1-2-3-4-5","Numpad","CapsLock","2023-12-25 18:47:36:000283","1703540856283","2023-12-25 18:47:44:000423","1703540864423","2023-12-25 18:47:12:000789","1703540832789","2023-12-25 18:47:25:000719","1703540845719","2023-12-25 18:47:33:000131","1703540853131","2023-12-25 18:47:36:000283","1703540856283","2023-12-25 18:47:25:000719","1703540845719","2023-12-25 18:47:29:000889","1703540849889","2023-12-25 18:47:29:000889","1703540849889","2023-12-25 18:47:33:000131","1703540853131","2023-12-25 18:47:12:000789","1703540832789","2023-12-25 18:47:44:000423","1703540864423"
"21","1-2-3-4-5","Numpad","CapsLock","2023-12-26 09:41:33:000117","1703594493117","2023-12-26 09:41:41:000953","1703594501953","2023-12-26 09:41:10:000043","1703594470043","2023-12-26 09:41:23:000022","1703594483022","2023-12-26 09:41:29:000660","1703594489660","2023-12-26 09:41:33:000117","1703594493117","2023-12-26 09:41:23:000022","1703594483022","2023-12-26 09:41:25:000741","1703594485741","2023-12-26 09:41:25:000741","1703594485741","2023-12-26 09:41:29:000660","1703594489660","2023-12-26 09:41:10:000043","1703594470043","2023-12-26 09:41:41:000953","1703594501953"
"22","1-2-3-4-5","Mixed","CapsLock","2023-12-26 21:18:50:000441","1703636330441","2023-12-26 21:18:59:000481","1703636339481","2023-12-26 21:18:28:000703","1703636308703","2023-12-26 21:18:41:000189","1703636321189","2023-12-26 21:18:47:000421","1703636327421","2023-12-26 21:18:50:000440","1703636330441","2023-12-26 21:18:41:000189","1703636321189","2023-12-26 21:18:43:000653","1703636323653","2023-12-26 21:18:43:000653","1703636323653","2023-12-26 21:18:47:000421","1703636327421","2023-12-26 21:18:28:000703","1703636308703","2023-12-26 21:18:59:000481","1703636339481"
"23","1-2-3-4-5","Numpad","CapsLock","2024-01-01 21:20:37:000599","1704154837599","2024-01-01 21:20:44:000956","1704154844956","2024-01-01 21:20:10:000818","1704154810818","2024-01-01 21:20:25:000727","1704154825727","2024-01-01 21:20:34:000021","1704154834021","2024-01-01 21:20:37:000599","1704154837599","2024-01-01 21:20:25:000728","1704154825728","2024-01-01 21:20:28:000544","1704154828544","2024-01-01 21:20:28:000544","1704154828544","2024-01-01 21:20:34:000021","1704154834021","2024-01-01 21:20:10:000818","1704154810818","2024-01-01 21:20:44:000956","1704154844956"
"24","1-2-3-4-5","Numpad","CapsLock","2024-01-02 13:44:06:000476","1704213846476","2024-01-02 13:44:12:000665","1704213852665","2024-01-02 13:43:45:000250","1704213825250","2024-01-02 13:43:57:000373","1704213837373","2024-01-02 13:44:03:000561","1704213843561","2024-01-02 13:44:06:000476","1704213846476","2024-01-02 13:43:57:000373","1704213837373","2024-01-02 13:43:59:000914","1704213839914","2024-01-02 13:43:59:000914","1704213839914","2024-01-02 13:44:03:000561","1704213843561","2024-01-02 13:43:45:000250","1704213825250","2024-01-02 13:44:12:000665","1704213852665"
"25","1-2-3-4-5","Numpad","CapsLock","2024-01-02 12:52:44:000016","1704210764016","2024-01-02 12:52:50:000887","1704210770887","2024-01-02 12:52:20:000695","1704210740695","2024-01-02 12:52:34:000090","1704210754090","2024-01-02 12:52:40:000966","1704210760966","2024-01-02 12:52:44:000016","1704210764016","2024-01-02 12:52:34:000090","1704210754090","2024-01-02 12:52:36:000659","1704210756659","2024-01-02 12:52:36:000659","1704210756659","2024-01-02 12:52:40:000966","1704210760966","2024-01-02 12:52:20:000695","1704210740695","2024-01-02 12:52:50:000887","1704210770887"
"26","1-2-3-4-5","Numpad","CapsLock","2024-01-02 13:56:51:000334","1704214611334","2024-01-02 13:56:58:000038","1704214618038","2024-01-02 13:56:31:000277","1704214591277","2024-01-02 13:56:41:000777","1704214601777","2024-01-02 13:56:47:000945","1704214607945","2024-01-02 13:56:51:000334","1704214611334","2024-01-02 13:56:41:000777","1704214601777","2024-01-02 13:56:44:000178","1704214604178","2024-01-02 13:56:44:000179","1704214604179","2024-01-02 13:56:47:000944","1704214607944","2024-01-02 13:56:31:000277","1704214591277","2024-01-02 13:56:58:000038","1704214618038"
"27","1-2-3-4-5","Mixed","CapsLock","2024-01-02 17:00:18:000890","1704225618890","2024-01-02 17:00:26:000395","1704225626395","2024-01-02 16:59:53:000667","1704225593668","2024-01-02 17:00:05:000982","1704225605982","2024-01-02 17:00:15:000294","1704225615294","2024-01-02 17:00:18:000890","1704225618890","2024-01-02 17:00:05:000982","1704225605982","2024-01-02 17:00:10:000863","1704225610863","2024-01-02 17:00:10:000863","1704225610863","2024-01-02 17:00:15:000294","1704225615294","2024-01-02 16:59:53:000668","1704225593668","2024-01-02 17:00:26:000395","1704225626395"
"28","1-2-3-4-5","Mixed","CapsLock","2024-01-02 18:00:50:000304","1704229250304","2024-01-02 18:00:57:000718","1704229257718","2024-01-02 18:00:27:000056","1704229227057","2024-01-02 18:00:40:000849","1704229240849","2024-01-02 18:00:47:000359","1704229247359","2024-01-02 18:00:50:000303","1704229250303","2024-01-02 18:00:40:000849","1704229240849","2024-01-02 18:00:43:000578","1704229243578","2024-01-02 18:00:43:000579","1704229243579","2024-01-02 18:00:47:000358","1704229247358","2024-01-02 18:00:27:000057","1704229227057","2024-01-02 18:00:57:000718","1704229257718"
"29","1-2-3-4-5","Numpad","CapsLock","2024-01-02 22:55:58:000460","1704246958460","2024-01-02 22:56:06:000492","1704246966492","2024-01-02 22:55:37:000153","1704246937153","2024-01-02 22:55:48:000066","1704246948066","2024-01-02 22:55:54:000757","1704246954757","2024-01-02 22:55:58:000459","1704246958459","2024-01-02 22:55:48:000066","1704246948066","2024-01-02 22:55:50:000878","1704246950878","2024-01-02 22:55:50:000878","1704246950878","2024-01-02 22:55:54:000756","1704246954756","2024-01-02 22:55:37:000153","1704246937153","2024-01-02 22:56:06:000492","1704246966492"
"30","1-2-3-4-5","Numpad","CapsLock","2024-01-04 14:31:57:000382","1704389517382","2024-01-04 14:32:05:000650","1704389525650","2024-01-04 14:31:37:000313","1704389497313","2024-01-04 14:31:47:000790","1704389507790","2024-01-04 14:31:54:000319","1704389514319","2024-01-04 14:31:57:000382","1704389517382","2024-01-04 14:31:47:000790","1704389507790","2024-01-04 14:31:50:000498","1704389510498","2024-01-04 14:31:50:000498","1704389510498","2024-01-04 14:31:54:000319","1704389514319","2024-01-04 14:31:37:000313","1704389497313","2024-01-04 14:32:05:000650","1704389525650"
"75","1-2-3-4-5","Numpad","CapsLock","2024-01-09 08:53:47:000642","1704801227642","2024-01-09 08:53:53:000362","1704801233362","2024-01-09 08:53:24:000554","1704801204554","2024-01-09 08:53:38:000235","1704801218235","2024-01-09 08:53:45:000162","1704801225162","2024-01-09 08:53:47:000642","1704801227642","2024-01-09 08:53:38:000235","1704801218235","2024-01-09 08:53:41:000378","1704801221378","2024-01-09 08:53:41:000378","1704801221378","2024-01-09 08:53:45:000162","1704801225162","2024-01-09 08:53:24:000554","1704801204554","2024-01-09 08:53:53:000362","1704801233362"
"74","1-2-3-4-5","Mixed","CapsLock","2024-01-09 08:53:12:000570","1704801192570","2024-01-09 08:53:19:000963","1704801199963","2024-01-09 08:52:48:000682","1704801168682","2024-01-09 08:52:59:000202","1704801179202","2024-01-09 08:53:09:000482","1704801189482","2024-01-09 08:53:12:000570","1704801192570","2024-01-09 08:52:59:000202","1704801179202","2024-01-09 08:53:06:000042","1704801186042","2024-01-09 08:53:06:000043","1704801186043","2024-01-09 08:53:09:000482","1704801189482","2024-01-09 08:52:48:000682","1704801168682","2024-01-09 08:53:19:000963","1704801199963"
"73","1-2-3-4-5","Numpad","CapsLock","2024-01-09 08:52:26:000290","1704801146290","2024-01-09 08:52:31:000930","1704801151930","2024-01-09 08:52:06:000786","1704801126786","2024-01-09 08:52:17:000434","1704801137434","2024-01-09 08:52:23:000394","1704801143394","2024-01-09 08:52:26:000290","1704801146290","2024-01-09 08:52:17:000434","1704801137434","2024-01-09 08:52:19:000802","1704801139802","2024-01-09 08:52:19:000802","1704801139802","2024-01-09 08:52:23:000393","1704801143393","2024-01-09 08:52:06:000786","1704801126786","2024-01-09 08:52:31:000930","1704801151930"
"72","1-2-3-4-5","Numpad","CapsLock","2024-01-09 08:51:55:000642","1704801115642","2024-01-09 08:52:01:000851","1704801121851","2024-01-09 08:51:34:000282","1704801094282","2024-01-09 08:51:46:000490","1704801106490","2024-01-09 08:51:52:000498","1704801112498","2024-01-09 08:51:55:000642","1704801115642","2024-01-09 08:51:46:000490","1704801106490","2024-01-09 08:51:48:000746","1704801108746","2024-01-09 08:51:48:000746","1704801108746","2024-01-09 08:51:52:000498","1704801112498","2024-01-09 08:51:34:000282","1704801094282","2024-01-09 08:52:01:000851","1704801121851"
"71","1-2-3-4-5","Numpad","CapsLock","2024-01-09 08:51:18:000580","1704801078580","2024-01-09 08:51:25:000147","1704801085147","2024-01-09 08:50:57:000634","1704801057634","2024-01-09 08:51:09:000266","1704801069266","2024-01-09 08:51:15:000058","1704801075058","2024-01-09 08:51:18:000580","1704801078580","2024-01-09 08:51:09:000267","1704801069267","2024-01-09 08:51:11:000634","1704801071634","2024-01-09 08:51:11:000635","1704801071635","2024-01-09 08:51:14:000722","1704801074722","2024-01-09 08:50:57:000634","1704801057634","2024-01-09 08:51:25:000147","1704801085147"
"70","1-2-3-4-5","Numpad","CapsLock","2024-01-09 08:50:47:000306","1704801047306","2024-01-09 08:50:52:000976","1704801052976","2024-01-09 08:50:26:000210","1704801026210","2024-01-09 08:50:38:000453","1704801038453","2024-01-09 08:50:43:000810","1704801043810","2024-01-09 08:50:47:000306","1704801047306","2024-01-09 08:50:38:000453","1704801038453","2024-01-09 08:50:40:000506","1704801040506","2024-01-09 08:50:40:000506","1704801040506","2024-01-09 08:50:43:000810","1704801043810","2024-01-09 08:50:26:000210","1704801026210","2024-01-09 08:50:52:000976","1704801052976"
"69","1-2-3-4-5","Numpad","CapsLock","2024-01-09 08:50:14:000787","1704801014787","2024-01-09 08:50:21:000138","1704801021138","2024-01-09 08:49:53:000680","1704800993680","2024-01-09 08:50:05:000906","1704801005906","2024-01-09 08:50:11:000594","1704801011594","2024-01-09 08:50:14:000786","1704801014786","2024-01-09 08:50:05:000907","1704801005907","2024-01-09 08:50:08:000362","1704801008362","2024-01-09 08:50:08:000362","1704801008362","2024-01-09 08:50:11:000594","1704801011594","2024-01-09 08:49:53:000680","1704800993680","2024-01-09 08:50:21:000138","1704801021138"
"68","1-2-3-4-5","Numpad","CapsLock","2024-01-09 08:49:43:000392","1704800983392","2024-01-09 08:49:49:000208","1704800989208","2024-01-09 08:49:22:000560","1704800962560","2024-01-09 08:49:33:000752","1704800973752","2024-01-09 08:49:40:000168","1704800980168","2024-01-09 08:49:43:000392","1704800983392","2024-01-09 08:49:33:000753","1704800973753","2024-01-09 08:49:36:000656","1704800976656","2024-01-09 08:49:36:000657","1704800976657","2024-01-09 08:49:40:000168","1704800980168","2024-01-09 08:49:22:000560","1704800962560","2024-01-09 08:49:49:000208","1704800989208"
"67","1-2-3-4-5","Mixed","CapsLock","2024-01-09 08:49:11:000624","1704800951624","2024-01-09 08:49:17:000328","1704800957328","2024-01-09 08:48:51:000362","1704800931362","2024-01-09 08:49:01:000050","1704800941050","2024-01-09 08:49:06:000479","1704800946479","2024-01-09 08:49:11:000624","1704800951624","2024-01-09 08:49:01:000050","1704800941050","2024-01-09 08:49:03:000362","1704800943362","2024-01-09 08:49:03:000362","1704800943362","2024-01-09 08:49:06:000479","1704800946479","2024-01-09 08:48:51:000362","1704800931362","2024-01-09 08:49:17:000328","1704800957328"
"66","1-2-3-4-5","Numpad","CapsLock","2024-01-09 08:47:45:000240","1704800865240","2024-01-09 08:47:51:000144","1704800871144","2024-01-09 08:47:24:000630","1704800844630","2024-01-09 08:47:34:000896","1704800854896","2024-01-09 08:47:41:000401","1704800861401","2024-01-09 08:47:44:000184","1704800864184","2024-01-09 08:47:34:000896","1704800854896","2024-01-09 08:47:37:000400","1704800857400","2024-01-09 08:47:37:000401","1704800857401","2024-01-09 08:47:41:000400","1704800861400","2024-01-09 08:47:24:000630","1704800844630","2024-01-09 08:47:51:000144","1704800871144"
"65","1-2-3-4-5","Mixed","CapsLock","2024-01-09 08:47:12:000520","1704800832520","2024-01-09 08:47:18:000065","1704800838065","2024-01-09 08:46:46:000121","1704800806121","2024-01-09 08:46:57:000898","1704800817898","2024-01-09 08:47:09:000832","1704800829832","2024-01-09 08:47:12:000519","1704800832520","2024-01-09 08:46:57:000898","1704800817898","2024-01-09 08:47:01:000617","1704800821617","2024-01-09 08:47:01:000617","1704800821617","2024-01-09 08:47:09:000832","1704800829832","2024-01-09 08:46:46:000121","1704800806121","2024-01-09 08:47:18:000065","1704800838065"
"64","1-2-3-4-5","Numpad","CapsLock","2024-01-09 08:46:33:000714","1704800793714","2024-01-09 08:46:40:000874","1704800800874","2024-01-09 08:46:13:000650","1704800773650","2024-01-09 08:46:24:000418","1704800784418","2024-01-09 08:46:31:000378","1704800791378","2024-01-09 08:46:33:000714","1704800793714","2024-01-09 08:46:24:000418","1704800784418","2024-01-09 08:46:27:000250","1704800787250","2024-01-09 08:46:27:000250","1704800787250","2024-01-09 08:46:31:000378","1704800791378","2024-01-09 08:46:13:000650","1704800773650","2024-01-09 08:46:40:000874","1704800800874"
"63","1-2-3-4-5","Mixed","CapsLock","2024-01-09 08:46:03:000074","1704800763074","2024-01-09 08:46:09:000026","1704800769026","2024-01-09 08:45:41:000595","1704800741595","2024-01-09 08:45:54:000675","1704800754675","2024-01-09 08:46:00:000516","1704800760516","2024-01-09 08:46:03:000074","1704800763074","2024-01-09 08:45:54:000675","1704800754675","2024-01-09 08:45:57:000123","1704800757123","2024-01-09 08:45:57:000123","1704800757123","2024-01-09 08:46:00:000515","1704800760515","2024-01-09 08:45:41:000595","1704800741595","2024-01-09 08:46:09:000026","1704800769026"
"62","1-2-3-4-5","Numpad","CapsLock","2024-01-09 08:45:31:000059","1704800731059","2024-01-09 08:45:37:000004","1704800737004","2024-01-09 08:45:10:000027","1704800710027","2024-01-09 08:45:22:000131","1704800722131","2024-01-09 08:45:28:000037","1704800728037","2024-01-09 08:45:31:000059","1704800731059","2024-01-09 08:45:22:000131","1704800722131","2024-01-09 08:45:24:000307","1704800724307","2024-01-09 08:45:24:000307","1704800724307","2024-01-09 08:45:28:000037","1704800728037","2024-01-09 08:45:10:000027","1704800710027","2024-01-09 08:45:37:000004","1704800737004"
"61","1-2-3-4-5","Mixed","CapsLock","2024-01-09 08:44:59:000482","1704800699482","2024-01-09 08:45:05:000540","1704800705540","2024-01-09 08:44:38:000505","1704800678505","2024-01-09 08:44:49:000394","1704800689394","2024-01-09 08:44:55:000241","1704800695241","2024-01-09 08:44:59:000481","1704800699481","2024-01-09 08:44:49:000394","1704800689394","2024-01-09 08:44:51:000794","1704800691794","2024-01-09 08:44:51:000794","1704800691794","2024-01-09 08:44:55:000241","1704800695241","2024-01-09 08:44:38:000505","1704800678505","2024-01-09 08:45:05:000540","1704800705540"
"60","1-2-3-4-5","Numpad","CapsLock","2024-01-09 08:44:27:000762","1704800667762","2024-01-09 08:44:33:000346","1704800673346","2024-01-09 08:44:08:000241","1704800648241","2024-01-09 08:44:19:000392","1704800659392","2024-01-09 08:44:25:000105","1704800665105","2024-01-09 08:44:27:000762","1704800667762","2024-01-09 08:44:19:000393","1704800659393","2024-01-09 08:44:21:000698","1704800661698","2024-01-09 08:44:21:000698","1704800661698","2024-01-09 08:44:25:000105","1704800665105","2024-01-09 08:44:08:000241","1704800648241","2024-01-09 08:44:33:000346","1704800673346"
"59","1-2-3-4-5","Numpad","CapsLock","2024-01-09 08:43:57:000842","1704800637842","2024-01-09 08:44:03:000658","1704800643658","2024-01-09 08:43:37:000433","1704800617433","2024-01-09 08:43:49:000594","1704800629594","2024-01-09 08:43:54:000842","1704800634842","2024-01-09 08:43:57:000841","1704800637841","2024-01-09 08:43:49:000594","1704800629594","2024-01-09 08:43:51:000818","1704800631818","2024-01-09 08:43:51:000818","1704800631818","2024-01-09 08:43:54:000842","1704800634842","2024-01-09 08:43:37:000433","1704800617433","2024-01-09 08:44:03:000658","1704800643658"
"58","1-2-3-4-5","Numpad","CapsLock","2024-01-09 08:43:26:000058","1704800606058","2024-01-09 08:43:32:000706","1704800612706","2024-01-09 08:43:05:000834","1704800585834","2024-01-09 08:43:16:000673","1704800596673","2024-01-09 08:43:22:000978","1704800602978","2024-01-09 08:43:26:000058","1704800606058","2024-01-09 08:43:16:000673","1704800596673","2024-01-09 08:43:18:000923","1704800598923","2024-01-09 08:43:18:000924","1704800598924","2024-01-09 08:43:22:000978","1704800602978","2024-01-09 08:43:05:000834","1704800585834","2024-01-09 08:43:32:000706","1704800612706"
"57","1-2-3-4-5","Numpad","CapsLock","2024-01-09 08:42:08:000266","1704800528266","2024-01-09 08:42:14:000346","1704800534346","2024-01-09 08:41:48:000945","1704800508945","2024-01-09 08:41:59:000066","1704800519066","2024-01-09 08:42:05:000122","1704800525122","2024-01-09 08:42:08:000266","1704800528266","2024-01-09 08:41:59:000066","1704800519066","2024-01-09 08:42:01:000682","1704800521682","2024-01-09 08:42:01:000682","1704800521682","2024-01-09 08:42:05:000121","1704800525121","2024-01-09 08:41:48:000945","1704800508945","2024-01-09 08:42:14:000346","1704800534346"
"56","1-2-3-4-5","Numpad","CapsLock","2024-01-09 08:41:37:000819","1704800497819","2024-01-09 08:41:43:000410","1704800503410","2024-01-09 08:41:18:000402","1704800478402","2024-01-09 08:41:29:000346","1704800489346","2024-01-09 08:41:35:000266","1704800495266","2024-01-09 08:41:37:000819","1704800497819","2024-01-09 08:41:29:000346","1704800489346","2024-01-09 08:41:31:000697","1704800491697","2024-01-09 08:41:31:000697","1704800491697","2024-01-09 08:41:35:000266","1704800495266","2024-01-09 08:41:18:000402","1704800478402","2024-01-09 08:41:43:000410","1704800503410"
"55","1-2-3-4-5","Numpad","CapsLock","2024-01-09 08:40:59:000713","1704800459713","2024-01-09 08:41:05:000050","1704800465050","2024-01-09 08:40:37:000234","1704800437234","2024-01-09 08:40:51:000041","1704800451041","2024-01-09 08:40:56:000361","1704800456361","2024-01-09 08:40:59:000713","1704800459713","2024-01-09 08:40:51:000042","1704800451042","2024-01-09 08:40:53:000234","1704800453234","2024-01-09 08:40:53:000234","1704800453234","2024-01-09 08:40:56:000361","1704800456361","2024-01-09 08:40:37:000234","1704800437234","2024-01-09 08:41:05:000050","1704800465050"
"54","1-2-3-4-5","Numpad","CapsLock","2024-01-09 08:33:48:000650","1704800028650","2024-01-09 08:33:53:000666","1704800033666","2024-01-09 08:33:27:000994","1704800007994","2024-01-09 08:33:38:000547","1704800018547","2024-01-09 08:33:44:000922","1704800024922","2024-01-09 08:33:48:000650","1704800028650","2024-01-09 08:33:38:000547","1704800018547","2024-01-09 08:33:40:000889","1704800020889","2024-01-09 08:33:41:000258","1704800021258","2024-01-09 08:33:44:000922","1704800024922","2024-01-09 08:33:27:000994","1704800007994","2024-01-09 08:33:53:000666","1704800033666"
"76","1-2-3-4-5","Numpad","CapsLock","2024-01-09 08:54:18:000154","1704801258155","2024-01-09 08:54:24:000346","1704801264346","2024-01-09 08:53:58:000666","1704801238666","2024-01-09 08:54:08:000898","1704801248898","2024-01-09 08:54:15:000290","1704801255290","2024-01-09 08:54:18:000154","1704801258154","2024-01-09 08:54:08:000898","1704801248898","2024-01-09 08:54:11:000572","1704801251572","2024-01-09 08:54:11:000573","1704801251573","2024-01-09 08:54:15:000290","1704801255290","2024-01-09 08:53:58:000666","1704801238666","2024-01-09 08:54:24:000346","1704801264346"
"77","1-2-3-4-5","Numpad","CapsLock","2024-01-09 08:54:50:000331","1704801290331","2024-01-09 08:54:55:000794","1704801295794","2024-01-09 08:54:30:000474","1704801270474","2024-01-09 08:54:41:000715","1704801281715","2024-01-09 08:54:47:000531","1704801287531","2024-01-09 08:54:50:000330","1704801290330","2024-01-09 08:54:41:000715","1704801281715","2024-01-09 08:54:43:000858","1704801283858","2024-01-09 08:54:43:000858","1704801283858","2024-01-09 08:54:47:000530","1704801287530","2024-01-09 08:54:30:000474","1704801270474","2024-01-09 08:54:55:000794","1704801295794"
"78","1-2-3-4-5","Mixed","CapsLock","2024-01-09 08:55:53:000596","1704801353596","2024-01-09 08:55:59:000802","1704801359802","2024-01-09 08:55:35:000930","1704801335930","2024-01-09 08:55:45:000874","1704801345874","2024-01-09 08:55:51:000266","1704801351266","2024-01-09 08:55:53:000595","1704801353595","2024-01-09 08:55:45:000874","1704801345874","2024-01-09 08:55:47:000978","1704801347978","2024-01-09 08:55:47:000979","1704801347979","2024-01-09 08:55:51:000266","1704801351266","2024-01-09 08:55:35:000930","1704801335930","2024-01-09 08:55:59:000802","1704801359802"
"79","1-2-3-4-5","Numpad","CapsLock","2024-01-09 08:56:25:000410","1704801385410","2024-01-09 08:56:30:000819","1704801390819","2024-01-09 08:56:04:000466","1704801364466","2024-01-09 08:56:16:000906","1704801376906","2024-01-09 08:56:22:000563","1704801382563","2024-01-09 08:56:25:000410","1704801385410","2024-01-09 08:56:16:000906","1704801376906","2024-01-09 08:56:19:000330","1704801379330","2024-01-09 08:56:19:000330","1704801379330","2024-01-09 08:56:22:000562","1704801382562","2024-01-09 08:56:04:000466","1704801364466","2024-01-09 08:56:30:000819","1704801390819"
"80","1-2-3-4-5","Numpad","CapsLock","2024-01-09 08:56:55:000074","1704801415074","2024-01-09 08:57:02:000154","1704801422154","2024-01-09 08:56:35:000298","1704801395298","2024-01-09 08:56:46:000154","1704801406154","2024-01-09 08:56:52:000146","1704801412146","2024-01-09 08:56:55:000074","1704801415074","2024-01-09 08:56:46:000154","1704801406154","2024-01-09 08:56:48:000490","1704801408490","2024-01-09 08:56:48:000490","1704801408490","2024-01-09 08:56:52:000146","1704801412146","2024-01-09 08:56:35:000298","1704801395298","2024-01-09 08:57:02:000154","1704801422154"
"81","1-2-3-4-5","Numpad","CapsLock","2024-01-09 08:57:28:000474","1704801448474","2024-01-09 08:57:34:000506","1704801454506","2024-01-09 08:57:06:000938","1704801426938","2024-01-09 08:57:19:000178","1704801439178","2024-01-09 08:57:25:000458","1704801445458","2024-01-09 08:57:28:000474","1704801448474","2024-01-09 08:57:19:000178","1704801439178","2024-01-09 08:57:21:000834","1704801441834","2024-01-09 08:57:21:000834","1704801441834","2024-01-09 08:57:25:000458","1704801445458","2024-01-09 08:57:06:000938","1704801426938","2024-01-09 08:57:34:000506","1704801454506"
"82","1-2-3-4-5","Numpad","CapsLock","2024-01-09 08:57:58:000874","1704801478874","2024-01-09 08:58:04:000810","1704801484810","2024-01-09 08:57:39:000698","1704801459698","2024-01-09 08:57:49:000922","1704801469922","2024-01-09 08:57:56:000202","1704801476202","2024-01-09 08:57:58:000874","1704801478874","2024-01-09 08:57:49:000922","1704801469922","2024-01-09 08:57:52:000370","1704801472370","2024-01-09 08:57:52:000371","1704801472371","2024-01-09 08:57:56:000202","1704801476202","2024-01-09 08:57:39:000698","1704801459698","2024-01-09 08:58:04:000810","1704801484810"
"83","1-2-3-4-5","Numpad","CapsLock","2024-01-09 08:58:45:000262","1704801525262","2024-01-09 08:58:52:000037","1704801532037","2024-01-09 08:58:27:000019","1704801507019","2024-01-09 08:58:37:000438","1704801517438","2024-01-09 08:58:42:000757","1704801522757","2024-01-09 08:58:45:000262","1704801525262","2024-01-09 08:58:37:000438","1704801517438","2024-01-09 08:58:39:000653","1704801519653","2024-01-09 08:58:39:000654","1704801519654","2024-01-09 08:58:42:000757","1704801522757","2024-01-09 08:58:27:000019","1704801507019","2024-01-09 08:58:52:000037","1704801532037"
"84","1-2-3-4-5","Numpad","CapsLock","2024-01-09 12:22:54:000640","1704813774640","2024-01-09 12:23:06:000552","1704813786552","2024-01-09 12:22:32:000256","1704813752256","2024-01-09 12:22:44:000216","1704813764216","2024-01-09 12:22:51:000272","1704813771272","2024-01-09 12:22:54:000639","1704813774639","2024-01-09 12:22:44:000216","1704813764216","2024-01-09 12:22:47:000312","1704813767312","2024-01-09 12:22:47:000313","1704813767313","2024-01-09 12:22:51:000272","1704813771272","2024-01-09 12:22:32:000256","1704813752256","2024-01-09 12:23:06:000552","1704813786552"
"85","1-2-3-4-5","Mixed","Shift","2024-01-09 12:46:44:000714","1704815204714","2024-01-09 12:46:58:000465","1704815218465","2024-01-09 12:46:10:000728","1704815170728","2024-01-09 12:46:23:000666","1704815183666","2024-01-09 12:46:38:000810","1704815198810","2024-01-09 12:46:44:000714","1704815204714","2024-01-09 12:46:23:000666","1704815183666","2024-01-09 12:46:34:000009","1704815194009","2024-01-09 12:46:34:000010","1704815194010","2024-01-09 12:46:38:000809","1704815198809","2024-01-09 12:46:10:000728","1704815170728","2024-01-09 12:46:58:000465","1704815218465"
"86","1-2-3-4-5","Digit","CapsLock","2024-01-09 12:51:25:000885","1704815485885","2024-01-09 12:51:37:000540","1704815497540","2024-01-09 12:51:06:000027","1704815466027","2024-01-09 12:51:17:000268","1704815477268","2024-01-09 12:51:23:000037","1704815483037","2024-01-09 12:51:25:000884","1704815485884","2024-01-09 12:51:17:000269","1704815477269","2024-01-09 12:51:19:000700","1704815479700","2024-01-09 12:51:19:000701","1704815479701","2024-01-09 12:51:23:000036","1704815483036","2024-01-09 12:51:06:000027","1704815466027","2024-01-09 12:51:37:000540","1704815497540"
"87","1-2-3-4-5","Numpad","CapsLock","2024-01-09 13:41:12:000322","1704818472322","2024-01-09 13:41:20:000130","1704818480130","2024-01-09 13:40:49:000730","1704818449730","2024-01-09 13:41:02:000498","1704818462498","2024-01-09 13:41:08:000890","1704818468890","2024-01-09 13:41:12:000321","1704818472321","2024-01-09 13:41:02:000498","1704818462498","2024-01-09 13:41:05:000730","1704818465730","2024-01-09 13:41:05:000730","1704818465730","2024-01-09 13:41:08:000890","1704818468890","2024-01-09 13:40:49:000730","1704818449730","2024-01-09 13:41:20:000130","1704818480130"
"88","1-2-3-4-5","Mixed","None","2024-01-09 13:42:21:000235","1704818541235","2024-01-09 13:42:30:000626","1704818550626","2024-01-09 13:41:43:000282","1704818503282","2024-01-09 13:42:10:000227","1704818530227","2024-01-09 13:42:17:000243","1704818537243","2024-01-09 13:42:21:000235","1704818541235","2024-01-09 13:42:10:000228","1704818530228","2024-01-09 13:42:13:000691","1704818533691","2024-01-09 13:42:13:000691","1704818533691","2024-01-09 13:42:17:000243","1704818537243","2024-01-09 13:41:43:000282","1704818503282","2024-01-09 13:42:30:000626","1704818550626"
"89","1-2-3-4-5","Digit","CapsLock","2024-01-09 14:04:58:000099","1704819898099","2024-01-09 14:05:08:000754","1704819908754","2024-01-09 14:04:39:000369","1704819879369","2024-01-09 14:04:51:000227","1704819891227","2024-01-09 14:04:56:000148","1704819896148","2024-01-09 14:04:58:000099","1704819898099","2024-01-09 14:04:51:000228","1704819891228","2024-01-09 14:04:54:000131","1704819894131","2024-01-09 14:04:54:000131","1704819894131","2024-01-09 14:04:56:000147","1704819896147","2024-01-09 14:04:39:000369","1704819879369","2024-01-09 14:05:08:000754","1704819908754"
"90","1-2-3-4-5","Mixed","Shift","2024-01-09 14:07:45:000755","1704820065755","2024-01-09 14:07:58:000979","1704820078979","2024-01-09 14:07:15:000171","1704820035171","2024-01-09 14:07:31:000850","1704820051850","2024-01-09 14:07:41:000963","1704820061963","2024-01-09 14:07:45:000755","1704820065755","2024-01-09 14:07:31:000850","1704820051850","2024-01-09 14:07:35:000899","1704820055899","2024-01-09 14:07:38:000725","1704820058725","2024-01-09 14:07:41:000963","1704820061963","2024-01-09 14:07:15:000171","1704820035171","2024-01-09 14:07:58:000979","1704820078979"
"91","1-2-3-4-5","Numpad","CapsLock","2024-01-09 14:35:08:000876","1704821708876","2024-01-09 14:35:16:000003","1704821716003","2024-01-09 14:34:44:000619","1704821684619","2024-01-09 14:34:59:000366","1704821699366","2024-01-09 14:35:05:000723","1704821705723","2024-01-09 14:35:08:000876","1704821708876","2024-01-09 14:34:59:000366","1704821699366","2024-01-09 14:35:02:000515","1704821702515","2024-01-09 14:35:02:000515","1704821702515","2024-01-09 14:35:05:000723","1704821705723","2024-01-09 14:34:44:000619","1704821684619","2024-01-09 14:35:16:000003","1704821716003"
"92","1-2-3-4-5","Mixed","None","2024-01-09 14:36:04:000388","1704821764388","2024-01-09 14:36:14:000196","1704821774196","2024-01-09 14:35:34:000659","1704821734659","2024-01-09 14:35:47:000484","1704821747484","2024-01-09 14:35:59:000820","1704821759820","2024-01-09 14:36:04:000388","1704821764388","2024-01-09 14:35:47:000484","1704821747484","2024-01-09 14:35:54:000636","1704821754636","2024-01-09 14:35:54:000636","1704821754636","2024-01-09 14:35:59:000820","1704821759820","2024-01-09 14:35:34:000659","1704821734659","2024-01-09 14:36:14:000196","1704821774196"
"93","1-2-3-4-5","Mixed","CapsLock","2024-01-09 15:25:10:000548","1704824710548","2024-01-09 15:25:25:000288","1704824725288","2024-01-09 15:24:46:000396","1704824686396","2024-01-09 15:25:00:000262","1704824700262","2024-01-09 15:25:04:000710","1704824704710","2024-01-09 15:25:10:000548","1704824710548","2024-01-09 15:25:00:000262","1704824700262","2024-01-09 15:25:01:000845","1704824701845","2024-01-09 15:25:01:000846","1704824701846","2024-01-09 15:25:04:000709","1704824704709","2024-01-09 15:24:46:000396","1704824686396","2024-01-09 15:25:25:000288","1704824725288"
"94","1-2-3-4-5","Mixed","CapsLock","2024-01-09 16:04:00:000157","1704827040157","2024-01-09 16:04:11:000614","1704827051614","2024-01-09 16:03:39:000933","1704827019933","2024-01-09 16:03:51:000582","1704827031582","2024-01-09 16:03:55:000567","1704827035567","2024-01-09 16:04:00:000157","1704827040157","2024-01-09 16:03:51:000583","1704827031583","2024-01-09 16:03:53:000494","1704827033494","2024-01-09 16:03:53:000494","1704827033494","2024-01-09 16:03:55:000567","1704827035567","2024-01-09 16:03:39:000933","1704827019933","2024-01-09 16:04:11:000614","1704827051614"
"95","1-2-3-4-5","Mixed","None","2024-01-09 16:05:02:000119","1704827102119","2024-01-09 16:05:10:000823","1704827110823","2024-01-09 16:04:36:000606","1704827076606","2024-01-09 16:04:51:000511","1704827091511","2024-01-09 16:04:57:000783","1704827097783","2024-01-09 16:05:02:000119","1704827102119","2024-01-09 16:04:51:000511","1704827091511","2024-01-09 16:04:54:000216","1704827094216","2024-01-09 16:04:54:000216","1704827094216","2024-01-09 16:04:57:000782","1704827097782","2024-01-09 16:04:36:000606","1704827076606","2024-01-09 16:05:10:000823","1704827110823"
"96","1-2-3-4-5","Mixed","None","2024-01-09 16:05:41:000127","1704827141127","2024-01-09 16:05:52:000119","1704827152119","2024-01-09 16:05:18:000223","1704827118223","2024-01-09 16:05:32:000695","1704827132695","2024-01-09 16:05:38:000487","1704827138487","2024-01-09 16:05:41:000126","1704827141126","2024-01-09 16:05:32:000696","1704827132696","2024-01-09 16:05:35:000333","1704827135333","2024-01-09 16:05:35:000334","1704827135334","2024-01-09 16:05:38:000486","1704827138486","2024-01-09 16:05:18:000223","1704827118223","2024-01-09 16:05:52:000119","1704827152119"
"97","1-2-3-4-5","Mixed","None","2024-01-09 16:06:27:000855","1704827187855","2024-01-09 16:06:37:000631","1704827197631","2024-01-09 16:05:59:000142","1704827159142","2024-01-09 16:06:17:000030","1704827177030","2024-01-09 16:06:25:000303","1704827185303","2024-01-09 16:06:27:000855","1704827187855","2024-01-09 16:06:17:000030","1704827177030","2024-01-09 16:06:21:000863","1704827181863","2024-01-09 16:06:21:000863","1704827181863","2024-01-09 16:06:25:000303","1704827185303","2024-01-09 16:05:59:000142","1704827159142","2024-01-09 16:06:37:000631","1704827197631"
"98","1-2-3-4-5","Mixed","None","2024-01-09 16:07:07:000535","1704827227535","2024-01-09 16:07:14:000350","1704827234350","2024-01-09 16:06:45:000150","1704827205150","2024-01-09 16:06:58:000327","1704827218327","2024-01-09 16:07:04:000902","1704827224902","2024-01-09 16:07:07:000535","1704827227535","2024-01-09 16:06:58:000328","1704827218328","2024-01-09 16:07:02:000072","1704827222072","2024-01-09 16:07:02:000072","1704827222072","2024-01-09 16:07:04:000902","1704827224902","2024-01-09 16:06:45:000150","1704827205150","2024-01-09 16:07:14:000350","1704827234350"
"99","1-2-3-4-5","Mixed","None","2024-01-09 16:07:48:000151","1704827268151","2024-01-09 16:07:55:000302","1704827275302","2024-01-09 16:07:23:000558","1704827243558","2024-01-09 16:07:38:000279","1704827258279","2024-01-09 16:07:44:000824","1704827264824","2024-01-09 16:07:48:000151","1704827268151","2024-01-09 16:07:38:000279","1704827258279","2024-01-09 16:07:40:000519","1704827260519","2024-01-09 16:07:40:000520","1704827260520","2024-01-09 16:07:44:000823","1704827264823","2024-01-09 16:07:23:000558","1704827243558","2024-01-09 16:07:55:000302","1704827275302"
"100","1-2-3-4-5","Mixed","CapsLock","2024-01-22 13:39:20:000389","1705941560389","2024-01-22 13:39:28:000595","1705941568595","2024-01-22 13:38:50:000126","1705941530126","2024-01-22 13:39:06:000454","1705941546454","2024-01-22 13:39:14:000294","1705941554294","2024-01-22 13:39:20:000389","1705941560389","2024-01-22 13:39:06:000455","1705941546455","2024-01-22 13:39:08:000989","1705941548989","2024-01-22 13:39:08:000990","1705941548990","2024-01-22 13:39:14:000293","1705941554293","2024-01-22 13:38:50:000126","1705941530126","2024-01-22 13:39:28:000595","1705941568595"
"101","1-2-3-4-5","Digit","CapsLock","2024-01-22 13:42:41:000894","1705941761894","2024-01-22 13:42:58:000324","1705941778324","2024-01-22 13:42:11:000947","1705941731947","2024-01-22 13:42:30:000926","1705941750926","2024-01-22 13:42:37:000492","1705941757492","2024-01-22 13:42:41:000894","1705941761894","2024-01-22 13:42:30:000926","1705941750926","2024-01-22 13:42:33:000701","1705941753701","2024-01-22 13:42:33:000701","1705941753701","2024-01-22 13:42:37:000492","1705941757492","2024-01-22 13:42:11:000947","1705941731947","2024-01-22 13:42:58:000324","1705941778324"
"102","1-2-3-4-5","Numpad","CapsLock","2024-01-22 15:12:07:000301","1705947127301","2024-01-22 15:12:17:000694","1705947137694","2024-01-22 15:11:42:000157","1705947102157","2024-01-22 15:11:56:000262","1705947116262","2024-01-22 15:12:03:000766","1705947123766","2024-01-22 15:12:07:000301","1705947127301","2024-01-22 15:11:56:000262","1705947116262","2024-01-22 15:11:59:000301","1705947119301","2024-01-22 15:11:59:000301","1705947119301","2024-01-22 15:12:03:000766","1705947123766","2024-01-22 15:11:42:000157","1705947102157","2024-01-22 15:12:17:000694","1705947137694"
"103","1-2-3-4-5","Numpad","None","2024-01-22 15:13:03:000590","1705947183590","2024-01-22 15:13:11:000020","1705947191020","2024-01-22 15:12:38:000845","1705947158845","2024-01-22 15:12:51:000957","1705947171957","2024-01-22 15:12:59:000612","1705947179612","2024-01-22 15:13:03:000589","1705947183589","2024-01-22 15:12:51:000957","1705947171957","2024-01-22 15:12:54:000917","1705947174917","2024-01-22 15:12:54:000918","1705947174918","2024-01-22 15:12:59:000612","1705947179612","2024-01-22 15:12:38:000845","1705947158845","2024-01-22 15:13:11:000020","1705947191020"
"104","1-2-3-4-5","Numpad","None","2024-01-22 15:13:47:000101","1705947227101","2024-01-22 15:13:54:000077","1705947234077","2024-01-22 15:13:19:000389","1705947199389","2024-01-22 15:13:36:000629","1705947216629","2024-01-22 15:13:42:000695","1705947222695","2024-01-22 15:13:47:000100","1705947227100","2024-01-22 15:13:36:000629","1705947216629","2024-01-22 15:13:39:000213","1705947219213","2024-01-22 15:13:39:000214","1705947219214","2024-01-22 15:13:42:000694","1705947222694","2024-01-22 15:13:19:000389","1705947199389","2024-01-22 15:13:54:000077","1705947234077"
"105","1-2-3-4-5","Numpad","None","2024-01-22 15:14:49:000336","1705947289336","2024-01-22 15:14:56:000686","1705947296686","2024-01-22 15:14:25:000357","1705947265357","2024-01-22 15:14:39:000624","1705947279624","2024-01-22 15:14:46:000233","1705947286233","2024-01-22 15:14:49:000336","1705947289336","2024-01-22 15:14:39:000624","1705947279624","2024-01-22 15:14:42:000488","1705947282488","2024-01-22 15:14:42:000488","1705947282488","2024-01-22 15:14:46:000232","1705947286232","2024-01-22 15:14:25:000357","1705947265357","2024-01-22 15:14:56:000686","1705947296686"
"106","1-2-3-4-5","Numpad","None","2024-01-22 15:15:29:000881","1705947329881","2024-01-22 15:15:36:000700","1705947336700","2024-01-22 15:15:04:000800","1705947304800","2024-01-22 15:15:18:000344","1705947318344","2024-01-22 15:15:25:000336","1705947325336","2024-01-22 15:15:29:000880","1705947329880","2024-01-22 15:15:18:000344","1705947318344","2024-01-22 15:15:21:000312","1705947321312","2024-01-22 15:15:21:000312","1705947321313","2024-01-22 15:15:25:000336","1705947325336","2024-01-22 15:15:04:000800","1705947304800","2024-01-22 15:15:36:000700","1705947336700"
"107","1-2-3-4-5","Numpad","None","2024-01-22 15:16:08:000894","1705947368894","2024-01-22 15:16:18:000644","1705947378644","2024-01-22 15:15:42:000621","1705947342621","2024-01-22 15:15:56:000661","1705947356661","2024-01-22 15:16:04:000565","1705947364565","2024-01-22 15:16:08:000893","1705947368893","2024-01-22 15:15:56:000662","1705947356662","2024-01-22 15:16:00:000389","1705947360389","2024-01-22 15:16:00:000389","1705947360389","2024-01-22 15:16:04:000565","1705947364565","2024-01-22 15:15:42:000621","1705947342621","2024-01-22 15:16:18:000644","1705947378644"
"108","1-2-3-4-5","Mixed","Shift","2024-01-22 16:01:30:000373","1705950090373","2024-01-22 16:01:35:000173","1705950095173","2024-01-22 16:01:11:000397","1705950071397","2024-01-22 16:01:21:000204","1705950081204","2024-01-22 16:01:28:000509","1705950088509","2024-01-22 16:01:30:000373","1705950090373","2024-01-22 16:01:21:000204","1705950081204","2024-01-22 16:01:23:000501","1705950083501","2024-01-22 16:01:23:000501","1705950083501","2024-01-22 16:01:28:000508","1705950088508","2024-01-22 16:01:11:000397","1705950071397","2024-01-22 16:01:35:000173","1705950095173"
"109","1-2-3-4-5","Numpad","Shift","2024-01-22 16:01:58:000644","1705950118644","2024-01-22 16:02:02:000595","1705950122595","2024-01-22 16:01:43:000014","1705950103014","2024-01-22 16:01:51:000709","1705950111709","2024-01-22 16:01:56:000579","1705950116579","2024-01-22 16:01:58:000644","1705950118644","2024-01-22 16:01:51:000710","1705950111710","2024-01-22 16:01:53:000910","1705950113910","2024-01-22 16:01:53:000910","1705950113910","2024-01-22 16:01:56:000579","1705950116579","2024-01-22 16:01:43:000014","1705950103014","2024-01-22 16:02:02:000595","1705950122595"
"110","1-2-3-4-5","Numpad","Shift","2024-01-22 16:02:22:000067","1705950142067","2024-01-22 16:02:26:000475","1705950146475","2024-01-22 16:02:08:000283","1705950128283","2024-01-22 16:02:14:000612","1705950134612","2024-01-22 16:02:19:000236","1705950139236","2024-01-22 16:02:22:000067","1705950142067","2024-01-22 16:02:14:000612","1705950134612","2024-01-22 16:02:16:000848","1705950136848","2024-01-22 16:02:16:000848","1705950136848","2024-01-22 16:02:19:000235","1705950139235","2024-01-22 16:02:08:000283","1705950128283","2024-01-22 16:02:26:000475","1705950146475"
"111","1-2-3-4-5","Numpad","Shift","2024-01-22 16:02:50:000996","1705950170996","2024-01-22 16:02:54:000813","1705950174813","2024-01-22 16:02:34:000954","1705950154954","2024-01-22 16:02:43:000227","1705950163227","2024-01-22 16:02:48:000955","1705950168955","2024-01-22 16:02:50:000995","1705950170995","2024-01-22 16:02:43:000228","1705950163228","2024-01-22 16:02:45:000644","1705950165644","2024-01-22 16:02:45:000644","1705950165644","2024-01-22 16:02:48:000955","1705950168955","2024-01-22 16:02:34:000954","1705950154954","2024-01-22 16:02:54:000813","1705950174813"
"112","1-2-3-4-5","Mixed","Shift","2024-01-22 16:03:14:000654","1705950194654","2024-01-22 16:03:20:000496","1705950200496","2024-01-22 16:03:00:000531","1705950180531","2024-01-22 16:03:09:000107","1705950189107","2024-01-22 16:03:12:000906","1705950192906","2024-01-22 16:03:14:000654","1705950194654","2024-01-22 16:03:09:000107","1705950189107","2024-01-22 16:03:11:000053","1705950191053","2024-01-22 16:03:11:000054","1705950191054","2024-01-22 16:03:12:000905","1705950192905","2024-01-22 16:03:00:000531","1705950180531","2024-01-22 16:03:20:000496","1705950200496"
"113","1-2-3-4-5","Numpad","Shift","2024-01-22 16:03:40:000432","1705950220432","2024-01-22 16:03:44:000862","1705950224862","2024-01-22 16:03:24:000687","1705950204688","2024-01-22 16:03:32:000383","1705950212383","2024-01-22 16:03:37:000056","1705950217056","2024-01-22 16:03:39:000191","1705950219191","2024-01-22 16:03:32:000384","1705950212384","2024-01-22 16:03:34:000456","1705950214456","2024-01-22 16:03:34:000456","1705950214456","2024-01-22 16:03:37:000055","1705950217055","2024-01-22 16:03:24:000688","1705950204688","2024-01-22 16:03:44:000862","1705950224862"
"114","1-2-3-4-5","Numpad","Shift","2024-01-22 16:04:27:000733","1705950267733","2024-01-22 16:04:31:000380","1705950271380","2024-01-22 16:04:13:000229","1705950253229","2024-01-22 16:04:21:000523","1705950261523","2024-01-22 16:04:25:000693","1705950265693","2024-01-22 16:04:27:000732","1705950267732","2024-01-22 16:04:21:000523","1705950261523","2024-01-22 16:04:23:000485","1705950263485","2024-01-22 16:04:23:000485","1705950263486","2024-01-22 16:04:25:000693","1705950265693","2024-01-22 16:04:13:000229","1705950253229","2024-01-22 16:04:31:000380","1705950271380"
"115","1-2-3-4-5","Numpad","Shift","2024-01-22 16:04:47:000772","1705950287772","2024-01-22 16:04:52:000197","1705950292197","2024-01-22 16:04:35:000156","1705950275156","2024-01-22 16:04:41:000406","1705950281406","2024-01-22 16:04:45:000818","1705950285818","2024-01-22 16:04:47:000771","1705950287772","2024-01-22 16:04:41:000407","1705950281407","2024-01-22 16:04:43:000245","1705950283245","2024-01-22 16:04:43:000246","1705950283246","2024-01-22 16:04:45:000818","1705950285818","2024-01-22 16:04:35:000156","1705950275156","2024-01-22 16:04:52:000197","1705950292197"
"116","1-2-3-4-5","Numpad","Shift","2024-01-22 16:05:08:000653","1705950308653","2024-01-22 16:05:13:000086","1705950313086","2024-01-22 16:04:55:000596","1705950295596","2024-01-22 16:05:02:000013","1705950302013","2024-01-22 16:05:06:000445","1705950306445","2024-01-22 16:05:08:000653","1705950308653","2024-01-22 16:05:02:000013","1705950302013","2024-01-22 16:05:03:000693","1705950303693","2024-01-22 16:05:03:000693","1705950303693","2024-01-22 16:05:06:000445","1705950306445","2024-01-22 16:04:55:000596","1705950295596","2024-01-22 16:05:13:000086","1705950313086"
"117","1-2-3-4-5","Numpad","Shift","2024-01-22 16:05:36:000830","1705950336830","2024-01-22 16:05:41:000562","1705950341562","2024-01-22 16:05:18:000533","1705950318533","2024-01-22 16:05:30:000020","1705950330020","2024-01-22 16:05:34:000652","1705950334652","2024-01-22 16:05:36:000829","1705950336829","2024-01-22 16:05:30:000388","1705950330388","2024-01-22 16:05:31:000928","1705950331928","2024-01-22 16:05:31:000928","1705950331928","2024-01-22 16:05:34:000652","1705950334652","2024-01-22 16:05:18:000533","1705950318533","2024-01-22 16:05:41:000562","1705950341562"
"118","1-2-3-4-5","Digit","CapsLock","2024-01-22 16:08:53:000354","1705950533354","2024-01-22 16:09:03:000555","1705950543556","2024-01-22 16:08:24:000457","1705950504457","2024-01-22 16:08:44:000450","1705950524450","2024-01-22 16:08:50:000297","1705950530297","2024-01-22 16:08:53:000353","1705950533353","2024-01-22 16:08:44:000451","1705950524451","2024-01-22 16:08:46:000890","1705950526890","2024-01-22 16:08:46:000890","1705950526890","2024-01-22 16:08:50:000297","1705950530297","2024-01-22 16:08:24:000457","1705950504457","2024-01-22 16:09:03:000556","1705950543556"
"141","1-2-3-4-5","Mixed","CapsLock","2024-01-29 13:43:07:000028","1706546587028","2024-01-29 13:43:13:000632","1706546593632","2024-01-29 13:42:55:000232","1706546575232","2024-01-29 13:43:01:000969","1706546581969","2024-01-29 13:43:05:000177","1706546585177","2024-01-29 13:43:07:000028","1706546587028","2024-01-29 13:43:01:000970","1706546581970","2024-01-29 13:43:03:000658","1706546583658","2024-01-29 13:43:03:000658","1706546583658","2024-01-29 13:43:05:000176","1706546585176","2024-01-29 13:42:55:000232","1706546575232","2024-01-29 13:43:13:000632","1706546593632"
"120","1-2-3-4-5","Digit","CapsLock","2024-01-22 16:11:01:000708","1705950661708","2024-01-22 16:11:18:000972","1705950678972","2024-01-22 16:10:21:000628","1705950621628","2024-01-22 16:10:39:000573","1705950639573","2024-01-22 16:10:57:000252","1705950657252","2024-01-22 16:11:01:000708","1705950661708","2024-01-22 16:10:39:000573","1705950639573","2024-01-22 16:10:50:000693","1705950650693","2024-01-22 16:10:50:000694","1705950650694","2024-01-22 16:10:57:000252","1705950657252","2024-01-22 16:10:21:000628","1705950621628","2024-01-22 16:11:18:000972","1705950678972"
"121","1-2-3-4-5","Digit","CapsLock","2024-01-22 16:11:58:000637","1705950718637","2024-01-22 16:12:11:000301","1705950731301","2024-01-22 16:11:26:000916","1705950686916","2024-01-22 16:11:45:000421","1705950705421","2024-01-22 16:11:56:000029","1705950716029","2024-01-22 16:11:58:000636","1705950718636","2024-01-22 16:11:45:000421","1705950705421","2024-01-22 16:11:48:000901","1705950708901","2024-01-22 16:11:48:000901","1705950708901","2024-01-22 16:11:55:000708","1705950715708","2024-01-22 16:11:26:000916","1705950686916","2024-01-22 16:12:11:000301","1705950731301"
"122","1-2-3-4-5","Digit","CapsLock","2024-01-22 16:12:46:000637","1705950766637","2024-01-22 16:12:57:000354","1705950777354","2024-01-22 16:12:16:000522","1705950736522","2024-01-22 16:12:35:000604","1705950755604","2024-01-22 16:12:43:000157","1705950763157","2024-01-22 16:12:46:000637","1705950766637","2024-01-22 16:12:35:000605","1705950755605","2024-01-22 16:12:37:000964","1705950757964","2024-01-22 16:12:37:000965","1705950757965","2024-01-22 16:12:43:000157","1705950763157","2024-01-22 16:12:16:000522","1705950736522","2024-01-22 16:12:57:000354","1705950777354"
"123","1-2-3-4-5","Digit","CapsLock","2024-01-22 16:13:38:000486","1705950818486","2024-01-22 16:13:45:000045","1705950825045","2024-01-22 16:13:04:000844","1705950784844","2024-01-22 16:13:29:000230","1705950809230","2024-01-22 16:13:33:000437","1705950813437","2024-01-22 16:13:38:000486","1705950818486","2024-01-22 16:13:29:000230","1705950809230","2024-01-22 16:13:31:000062","1705950811062","2024-01-22 16:13:31:000062","1705950811062","2024-01-22 16:13:33:000436","1705950813436","2024-01-22 16:13:04:000844","1705950784844","2024-01-22 16:13:45:000045","1705950825045"
"124","1-2-3-4-5","Digit","CapsLock","2024-01-22 16:14:18:000626","1705950858626","2024-01-22 16:14:27:000965","1705950867965","2024-01-22 16:13:52:000845","1705950832845","2024-01-22 16:14:08:000109","1705950848109","2024-01-22 16:14:15:000510","1705950855510","2024-01-22 16:14:18:000228","1705950858228","2024-01-22 16:14:08:000109","1705950848109","2024-01-22 16:14:11:000917","1705950851917","2024-01-22 16:14:11:000917","1705950851917","2024-01-22 16:14:15:000509","1705950855509","2024-01-22 16:13:52:000845","1705950832845","2024-01-22 16:14:27:000965","1705950867965"
"125","1-2-3-4-5","Digit","CapsLock","2024-01-22 16:15:07:000780","1705950907780","2024-01-22 16:15:07:000965","1705950907965","2024-01-22 16:14:32:000701","1705950872701","2024-01-22 16:14:56:000221","1705950896221","2024-01-22 16:15:03:000637","1705950903637","2024-01-22 16:15:07:000661","1705950907661","2024-01-22 16:14:56:000538","1705950896538","2024-01-22 16:14:58:000517","1705950898517","2024-01-22 16:14:58:000517","1705950898517","2024-01-22 16:15:03:000637","1705950903637","2024-01-22 16:14:32:000701","1705950872701","2024-01-22 16:15:19:000814","1705950919814"
"126","1-2-3-4-5","Digit","CapsLock","2024-01-22 16:15:49:000446","1705950949446","2024-01-22 16:15:58:000741","1705950958741","2024-01-22 16:15:24:000260","1705950924260","2024-01-22 16:15:40:000214","1705950940214","2024-01-22 16:15:46:000420","1705950946420","2024-01-22 16:15:49:000445","1705950949445","2024-01-22 16:15:40:000215","1705950940215","2024-01-22 16:15:42:000854","1705950942854","2024-01-22 16:15:43:000380","1705950943380","2024-01-22 16:15:46:000420","1705950946420","2024-01-22 16:15:24:000260","1705950924260","2024-01-22 16:15:58:000741","1705950958741"
"127","1-2-3-4-5","Digit","CapsLock","2024-01-22 16:16:31:000109","1705950991109","2024-01-22 16:16:37:000765","1705950997765","2024-01-22 16:16:03:000620","1705950963620","2024-01-22 16:16:18:000893","1705950978893","2024-01-22 16:16:24:000748","1705950984748","2024-01-22 16:16:31:000108","1705950991108","2024-01-22 16:16:18:000893","1705950978893","2024-01-22 16:16:21:000423","1705950981423","2024-01-22 16:16:21:000423","1705950981423","2024-01-22 16:16:24:000748","1705950984748","2024-01-22 16:16:03:000620","1705950963620","2024-01-22 16:16:37:000765","1705950997765"
"143","1-2-3-4-5","Mixed","CapsLock","2024-01-29 13:44:00:000045","1706546640045","2024-01-29 13:44:06:000784","1706546646784","2024-01-29 13:43:46:000461","1706546626461","2024-01-29 13:43:55:000478","1706546635478","2024-01-29 13:43:58:000926","1706546638926","2024-01-29 13:44:00:000045","1706546640045","2024-01-29 13:43:55:000479","1706546635479","2024-01-29 13:43:56:000916","1706546636916","2024-01-29 13:43:56:000917","1706546636917","2024-01-29 13:43:58:000926","1706546638926","2024-01-29 13:43:46:000461","1706546626461","2024-01-29 13:44:06:000784","1706546646784"
"142","1-2-3-4-5","Mixed","CapsLock","2024-01-29 13:43:30:000190","1706546610190","2024-01-29 13:43:38:000613","1706546618613","2024-01-29 13:43:17:000728","1706546597728","2024-01-29 13:43:25:000406","1706546605406","2024-01-29 13:43:28:000606","1706546608606","2024-01-29 13:43:30:000190","1706546610190","2024-01-29 13:43:25:000407","1706546605407","2024-01-29 13:43:26:000878","1706546606878","2024-01-29 13:43:26:000879","1706546606879","2024-01-29 13:43:28:000606","1706546608606","2024-01-29 13:43:17:000728","1706546597728","2024-01-29 13:43:38:000613","1706546618613"
"140","1-2-3-4-5","Mixed","CapsLock","2024-01-29 13:42:41:000642","1706546561642","2024-01-29 13:42:50:000392","1706546570392","2024-01-29 13:42:26:000064","1706546546064","2024-01-29 13:42:36:000505","1706546556505","2024-01-29 13:42:40:000162","1706546560162","2024-01-29 13:42:41:000641","1706546561641","2024-01-29 13:42:36:000505","1706546556505","2024-01-29 13:42:37:000985","1706546557985","2024-01-29 13:42:37:000985","1706546557985","2024-01-29 13:42:40:000162","1706546560162","2024-01-29 13:42:26:000064","1706546546064","2024-01-29 13:42:50:000392","1706546570392"
"139","1-2-3-4-5","Mixed","Mixed","2024-01-29 13:42:02:000490","1706546522490","2024-01-29 13:42:14:000761","1706546534761","2024-01-29 13:41:46:000298","1706546506299","2024-01-29 13:41:56:000355","1706546516355","2024-01-29 13:42:00:000649","1706546520649","2024-01-29 13:42:02:000489","1706546522489","2024-01-29 13:41:56:000355","1706546516355","2024-01-29 13:41:57:000913","1706546517913","2024-01-29 13:41:57:000913","1706546517913","2024-01-29 13:42:00:000649","1706546520649","2024-01-29 13:41:46:000299","1706546506299","2024-01-29 13:42:14:000761","1706546534761"
"132","1-2-3-4-5","Mixed","Shift","2024-01-22 16:19:49:000675","1705951189675","2024-01-22 16:19:49:000833","1705951189833","2024-01-22 16:19:22:000834","1705951162834","2024-01-22 16:19:39:000351","1705951179351","2024-01-22 16:19:46:000853","1705951186853","2024-01-22 16:19:49:000603","1705951189603","2024-01-22 16:19:39:000352","1705951179352","2024-01-22 16:19:44:000078","1705951184078","2024-01-22 16:19:44:000079","1705951184079","2024-01-22 16:19:46:000853","1705951186853","2024-01-22 16:19:22:000834","1705951162834","2024-01-22 16:19:59:000124","1705951199124"
"133","1-2-3-4-5","Numpad","Shift","2024-01-22 16:20:23:000477","1705951223477","2024-01-22 16:20:30:000555","1705951230555","2024-01-22 16:20:03:000063","1705951203063","2024-01-22 16:20:14:000540","1705951214540","2024-01-22 16:20:20:000324","1705951220324","2024-01-22 16:20:23:000476","1705951223476","2024-01-22 16:20:14:000540","1705951214540","2024-01-22 16:20:16:000717","1705951216717","2024-01-22 16:20:17:000011","1705951217011","2024-01-22 16:20:20:000324","1705951220324","2024-01-22 16:20:03:000063","1705951203063","2024-01-22 16:20:30:000555","1705951230555"
"134","1-2-3-4-5","Numpad","Shift","2024-01-22 16:20:55:000605","1705951255605","2024-01-22 16:21:03:000597","1705951263597","2024-01-22 16:20:33:000916","1705951233916","2024-01-22 16:20:47:000841","1705951247841","2024-01-22 16:20:53:000029","1705951253029","2024-01-22 16:20:55:000604","1705951255604","2024-01-22 16:20:47:000842","1705951247842","2024-01-22 16:20:50:000093","1705951250093","2024-01-22 16:20:50:000094","1705951250094","2024-01-22 16:20:53:000028","1705951253028","2024-01-22 16:20:33:000916","1705951233916","2024-01-22 16:21:03:000597","1705951263597"
"135","1-2-3-4-5","Numpad","Mixed","2024-01-22 16:21:30:000237","1705951290237","2024-01-22 16:21:39:000541","1705951299541","2024-01-22 16:21:11:000532","1705951271532","2024-01-22 16:21:23:000053","1705951283053","2024-01-22 16:21:28:000064","1705951288064","2024-01-22 16:21:30:000237","1705951290237","2024-01-22 16:21:23:000054","1705951283054","2024-01-22 16:21:25:000051","1705951285051","2024-01-22 16:21:25:000051","1705951285051","2024-01-22 16:21:28:000063","1705951288063","2024-01-22 16:21:11:000532","1705951271532","2024-01-22 16:21:39:000541","1705951299541"
"136","1-2-3-4-5","Mixed","Shift","2024-01-22 16:22:35:000050","1705951355050","2024-01-22 16:22:55:000796","1705951375796","2024-01-22 16:22:14:000452","1705951334452","2024-01-22 16:22:27:000532","1705951347532","2024-01-22 16:22:32:000580","1705951352580","2024-01-22 16:22:35:000050","1705951355050","2024-01-22 16:22:27:000533","1705951347533","2024-01-22 16:22:29:000382","1705951349383","2024-01-22 16:22:29:000384","1705951349384","2024-01-22 16:22:32:000580","1705951352580","2024-01-22 16:22:14:000452","1705951334452","2024-01-22 16:22:55:000796","1705951375796"
"137","1-2-3-4-5","Mixed","Shift","2024-01-22 16:23:19:000123","1705951399123","2024-01-22 16:23:26:000434","1705951406434","2024-01-22 16:22:58:000653","1705951378653","2024-01-22 16:23:11:000436","1705951391436","2024-01-22 16:23:17:000109","1705951397109","2024-01-22 16:23:19:000123","1705951399123","2024-01-22 16:23:11:000437","1705951391437","2024-01-22 16:23:14:000182","1705951394182","2024-01-22 16:23:14:000183","1705951394183","2024-01-22 16:23:17:000109","1705951397109","2024-01-22 16:22:58:000653","1705951378653","2024-01-22 16:23:26:000434","1705951406434"
"138","1-2-3-4-5","Mixed","Shift","2024-01-22 16:23:51:000963","1705951431963","2024-01-22 16:24:05:000935","1705951445935","2024-01-22 16:23:30:000610","1705951410610","2024-01-22 16:23:44:000833","1705951424833","2024-01-22 16:23:49:000657","1705951429657","2024-01-22 16:23:51:000962","1705951431962","2024-01-22 16:23:44:000834","1705951424834","2024-01-22 16:23:47:000139","1705951427139","2024-01-22 16:23:47:000140","1705951427140","2024-01-22 16:23:49:000657","1705951429657","2024-01-22 16:23:30:000610","1705951410610","2024-01-22 16:24:05:000935","1705951445935"
"144","1-2-3-4-5","Mixed","CapsLock","2024-01-29 13:44:31:000360","1706546671360","2024-01-29 13:44:36:000910","1706546676910","2024-01-29 13:44:10:000533","1706546650533","2024-01-29 13:44:12:000974","1706546652974","2024-01-29 13:44:29:000272","1706546669272","2024-01-29 13:44:31:000359","1706546671359","2024-01-29 13:44:12:000975","1706546652975","2024-01-29 13:44:15:000437","1706546655437","2024-01-29 13:44:26:000285","1706546666285","2024-01-29 13:44:29:000271","1706546669271","2024-01-29 13:44:10:000533","1706546650533","2024-01-29 13:44:36:000910","1706546676910"
"145","1-2-3-4-5","Mixed","CapsLock","2024-01-29 13:44:56:000840","1706546696840","2024-01-29 13:45:03:000407","1706546703407","2024-01-29 13:44:42:000766","1706546682766","2024-01-29 13:44:51:000583","1706546691583","2024-01-29 13:44:55:000336","1706546695336","2024-01-29 13:44:56:000839","1706546696839","2024-01-29 13:44:51:000584","1706546691584","2024-01-29 13:44:53:000576","1706546693576","2024-01-29 13:44:53:000576","1706546693576","2024-01-29 13:44:55:000336","1706546695336","2024-01-29 13:44:42:000766","1706546682766","2024-01-29 13:45:03:000407","1706546703407"
"146","1-2-3-4-5","Mixed","CapsLock","2024-01-29 13:45:21:000415","1706546721415","2024-01-29 13:45:28:000472","1706546728472","2024-01-29 13:45:08:000918","1706546708918","2024-01-29 13:45:15:000375","1706546715375","2024-01-29 13:45:18:000424","1706546718424","2024-01-29 13:45:21:000415","1706546721415","2024-01-29 13:45:15:000376","1706546715376","2024-01-29 13:45:16:000776","1706546716776","2024-01-29 13:45:16:000776","1706546716776","2024-01-29 13:45:18:000423","1706546718423","2024-01-29 13:45:08:000918","1706546708918","2024-01-29 13:45:28:000472","1706546728472"
"147","1-2-3-4-5","Mixed","CapsLock","2024-01-29 13:45:46:000722","1706546746722","2024-01-29 13:45:54:000680","1706546754680","2024-01-29 13:45:33:000496","1706546733496","2024-01-29 13:45:41:000289","1706546741289","2024-01-29 13:45:45:000425","1706546745425","2024-01-29 13:45:46:000721","1706546746721","2024-01-29 13:45:41:000289","1706546741289","2024-01-29 13:45:43:000681","1706546743681","2024-01-29 13:45:43:000682","1706546743682","2024-01-29 13:45:45:000425","1706546745425","2024-01-29 13:45:33:000496","1706546733496","2024-01-29 13:45:54:000680","1706546754680"
"148","1-2-3-4-5","Mixed","CapsLock","2024-01-29 13:46:18:000738","1706546778738","2024-01-29 13:46:26:000136","1706546786136","2024-01-29 13:45:58:000664","1706546758664","2024-01-29 13:46:03:000297","1706546763297","2024-01-29 13:46:12:000873","1706546772873","2024-01-29 13:46:14:000767","1706546774767","2024-01-29 13:46:03:000298","1706546763298","2024-01-29 13:46:04:000384","1706546764384","2024-01-29 13:46:12:000761","1706546772761","2024-01-29 13:46:12:000873","1706546772873","2024-01-29 13:45:58:000664","1706546758664","2024-01-29 13:46:26:000136","1706546786136"
"149","1-2-3-4-5","Mixed","CapsLock","2024-01-29 13:46:44:000369","1706546804369","2024-01-29 13:46:50:000696","1706546810696","2024-01-29 13:46:30:000136","1706546790136","2024-01-29 13:46:38:000778","1706546798778","2024-01-29 13:46:42:000849","1706546802849","2024-01-29 13:46:44:000368","1706546804368","2024-01-29 13:46:38:000778","1706546798778","2024-01-29 13:46:40:000592","1706546800592","2024-01-29 13:46:40:000592","1706546800592","2024-01-29 13:46:42:000849","1706546802849","2024-01-29 13:46:30:000136","1706546790136","2024-01-29 13:46:50:000696","1706546810696"
"150","1-2-3-4-5","Mixed","CapsLock","2024-01-29 13:47:08:000825","1706546828825","2024-01-29 13:47:13:000881","1706546833881","2024-01-29 13:46:54:000496","1706546814496","2024-01-29 13:47:03:000521","1706546823521","2024-01-29 13:47:07:000481","1706546827481","2024-01-29 13:47:08:000824","1706546828824","2024-01-29 13:47:03:000522","1706546823522","2024-01-29 13:47:05:000633","1706546825633","2024-01-29 13:47:05:000633","1706546825633","2024-01-29 13:47:07:000480","1706546827480","2024-01-29 13:46:54:000496","1706546814496","2024-01-29 13:47:13:000881","1706546833881"
"151","1-2-3-4-5","Mixed","CapsLock","2024-01-29 13:47:31:000595","1706546851595","2024-01-29 13:47:39:000466","1706546859466","2024-01-29 13:47:17:000871","1706546837871","2024-01-29 13:47:26:000677","1706546846677","2024-01-29 13:47:30:000035","1706546850035","2024-01-29 13:47:31:000595","1706546851595","2024-01-29 13:47:26:000678","1706546846678","2024-01-29 13:47:27:000996","1706546847996","2024-01-29 13:47:27:000996","1706546847996","2024-01-29 13:47:30:000035","1706546850035","2024-01-29 13:47:17:000871","1706546837871","2024-01-29 13:47:39:000466","1706546859466"
"152","1-2-3-4-5","Mixed","CapsLock","2024-01-29 13:48:01:000843","1706546881843","2024-01-29 13:48:07:000410","1706546887410","2024-01-29 13:47:43:000754","1706546863754","2024-01-29 13:47:47:000331","1706546867331","2024-01-29 13:47:59:000550","1706546879550","2024-01-29 13:48:01:000843","1706546881843","2024-01-29 13:47:47:000332","1706546867332","2024-01-29 13:47:49:000337","1706546869337","2024-01-29 13:47:56:000948","1706546876948","2024-01-29 13:47:59:000550","1706546879550","2024-01-29 13:47:43:000754","1706546863754","2024-01-29 13:48:07:000410","1706546887410"
"153","1-2-3-4-5","Mixed","CapsLock","2024-01-29 13:48:27:000209","1706546907209","2024-01-29 13:48:33:000802","1706546913802","2024-01-29 13:48:11:000826","1706546891826","2024-01-29 13:48:14:000470","1706546894470","2024-01-29 13:48:25:000762","1706546905762","2024-01-29 13:48:27:000209","1706546907209","2024-01-29 13:48:14:000471","1706546894471","2024-01-29 13:48:15:000514","1706546895514","2024-01-29 13:48:24:000508","1706546904508","2024-01-29 13:48:25:000761","1706546905761","2024-01-29 13:48:11:000826","1706546891826","2024-01-29 13:48:33:000802","1706546913802"
"154","1-2-3-4-5","Mixed","CapsLock","2024-01-29 13:48:49:000849","1706546929849","2024-01-29 13:48:57:000049","1706546937049","2024-01-29 13:48:38:000044","1706546918044","2024-01-29 13:48:45:000010","1706546925010","2024-01-29 13:48:48:000122","1706546928122","2024-01-29 13:48:49:000849","1706546929849","2024-01-29 13:48:45:000011","1706546925011","2024-01-29 13:48:46:000537","1706546926537","2024-01-29 13:48:46:000538","1706546926538","2024-01-29 13:48:48:000121","1706546928121","2024-01-29 13:48:38:000044","1706546918044","2024-01-29 13:48:57:000049","1706546937049"
"155","1-2-3-4-5","Mixed","CapsLock","2024-01-29 13:49:13:000177","1706546953177","2024-01-29 13:49:18:000961","1706546958961","2024-01-29 13:49:00:000759","1706546940759","2024-01-29 13:49:08:000952","1706546948952","2024-01-29 13:49:11:000857","1706546951857","2024-01-29 13:49:13:000177","1706546953177","2024-01-29 13:49:08:000952","1706546948952","2024-01-29 13:49:10:000409","1706546950409","2024-01-29 13:49:10:000410","1706546950410","2024-01-29 13:49:11:000857","1706546951857","2024-01-29 13:49:00:000759","1706546940759","2024-01-29 13:49:18:000961","1706546958961"
"156","1-2-3-4-5","Mixed","CapsLock","2024-01-29 13:49:36:000076","1706546976076","2024-01-29 13:49:43:000489","1706546983489","2024-01-29 13:49:22:000738","1706546962738","2024-01-29 13:49:31:000258","1706546971258","2024-01-29 13:49:34:000459","1706546974459","2024-01-29 13:49:36:000076","1706546976076","2024-01-29 13:49:31:000259","1706546971259","2024-01-29 13:49:32:000481","1706546972481","2024-01-29 13:49:32:000481","1706546972482","2024-01-29 13:49:34:000458","1706546974458","2024-01-29 13:49:22:000738","1706546962738","2024-01-29 13:49:43:000489","1706546983489"
"157","1-2-3-4-5","Mixed","CapsLock","2024-01-29 13:50:05:000634","1706547005634","2024-01-29 13:50:12:000101","1706547012101","2024-01-29 13:49:47:000786","1706546987786","2024-01-29 13:50:00:000747","1706547000747","2024-01-29 13:50:03:000435","1706547003435","2024-01-29 13:50:05:000634","1706547005634","2024-01-29 13:50:00:000747","1706547000747","2024-01-29 13:50:01:000810","1706547001810","2024-01-29 13:50:01:000811","1706547001811","2024-01-29 13:50:03:000434","1706547003434","2024-01-29 13:49:47:000786","1706546987786","2024-01-29 13:50:12:000101","1706547012101"
"158","1-2-3-4-5","Mixed","Shift","2024-01-29 15:39:30:000083","1706553570083","2024-01-29 15:39:34:000115","1706553574115","2024-01-29 15:39:16:000427","1706553556427","2024-01-29 15:39:22:000964","1706553562964","2024-01-29 15:39:27:000915","1706553567915","2024-01-29 15:39:30:000082","1706553570082","2024-01-29 15:39:22:000964","1706553562964","2024-01-29 15:39:25:000779","1706553565779","2024-01-29 15:39:25:000779","1706553565779","2024-01-29 15:39:27:000914","1706553567914","2024-01-29 15:39:16:000427","1706553556427","2024-01-29 15:39:34:000115","1706553574115"
"159","1-2-3-4-5","Numpad","Shift","2024-01-29 15:39:52:000643","1706553592643","2024-01-29 15:39:57:000618","1706553597618","2024-01-29 15:39:38:000891","1706553578891","2024-01-29 15:39:45:000562","1706553585562","2024-01-29 15:39:50:000210","1706553590210","2024-01-29 15:39:52:000642","1706553592642","2024-01-29 15:39:45:000563","1706553585563","2024-01-29 15:39:48:000107","1706553588107","2024-01-29 15:39:48:000107","1706553588107","2024-01-29 15:39:50:000209","1706553590209","2024-01-29 15:39:38:000891","1706553578891","2024-01-29 15:39:57:000618","1706553597618"
"160","1-2-3-4-5","Numpad","Shift","2024-01-29 15:40:20:000826","1706553620826","2024-01-29 15:40:24:000515","1706553624515","2024-01-29 15:40:03:000746","1706553603747","2024-01-29 15:40:13:000635","1706553613635","2024-01-29 15:40:18:000482","1706553618482","2024-01-29 15:40:20:000826","1706553620826","2024-01-29 15:40:13:000635","1706553613635","2024-01-29 15:40:16:000011","1706553616011","2024-01-29 15:40:16:000011","1706553616011","2024-01-29 15:40:18:000482","1706553618482","2024-01-29 15:40:03:000747","1706553603747","2024-01-29 15:40:24:000515","1706553624515"
"161","1-2-3-4-5","Mixed","Shift","2024-01-29 15:40:45:000953","1706553645953","2024-01-29 15:40:50:000555","1706553650555","2024-01-29 15:40:29:000930","1706553629930","2024-01-29 15:40:38:000747","1706553638747","2024-01-29 15:40:43:000274","1706553643274","2024-01-29 15:40:45:000953","1706553645953","2024-01-29 15:40:38:000747","1706553638747","2024-01-29 15:40:40:000514","1706553640514","2024-01-29 15:40:40:000515","1706553640515","2024-01-29 15:40:43:000274","1706553643274","2024-01-29 15:40:29:000930","1706553629930","2024-01-29 15:40:50:000555","1706553650555"
"162","1-2-3-4-5","Mixed","Shift","2024-01-29 15:42:05:000420","1706553725420","2024-01-29 15:42:13:000409","1706553733409","2024-01-29 15:41:41:000186","1706553701186","2024-01-29 15:41:59:000226","1706553719226","2024-01-29 15:42:03:000937","1706553723937","2024-01-29 15:42:05:000419","1706553725419","2024-01-29 15:41:59:000227","1706553719227","2024-01-29 15:42:01:000291","1706553721291","2024-01-29 15:42:01:000291","1706553721291","2024-01-29 15:42:03:000936","1706553723937","2024-01-29 15:41:41:000186","1706553701186","2024-01-29 15:42:13:000409","1706553733409"
"163","1-2-3-4-5","Mixed","Shift","2024-01-29 15:42:37:000076","1706553757076","2024-01-29 15:42:46:000777","1706553766777","2024-01-29 15:42:18:000763","1706553738763","2024-01-29 15:42:30:000226","1706553750226","2024-01-29 15:42:34:000704","1706553754704","2024-01-29 15:42:37:000076","1706553757076","2024-01-29 15:42:30:000226","1706553750226","2024-01-29 15:42:31:000586","1706553751586","2024-01-29 15:42:31:000587","1706553751587","2024-01-29 15:42:34:000704","1706553754704","2024-01-29 15:42:18:000763","1706553738763","2024-01-29 15:42:46:000777","1706553766777"
"164","1-2-3-4-5","Mixed","Shift","2024-01-29 15:43:12:000937","1706553792937","2024-01-29 15:43:25:000802","1706553805802","2024-01-29 15:42:52:000848","1706553772848","2024-01-29 15:43:05:000993","1706553785993","2024-01-29 15:43:10:000696","1706553790696","2024-01-29 15:43:12:000936","1706553792936","2024-01-29 15:43:05:000993","1706553785993","2024-01-29 15:43:07:000505","1706553787505","2024-01-29 15:43:07:000505","1706553787505","2024-01-29 15:43:10:000696","1706553790696","2024-01-29 15:42:52:000848","1706553772848","2024-01-29 15:43:25:000802","1706553805802"
"165","1-2-3-4-5","Mixed","Shift","2024-01-29 15:43:48:000289","1706553828289","2024-01-29 15:43:56:000225","1706553836225","2024-01-29 15:43:30:000608","1706553810608","2024-01-29 15:43:39:000876","1706553819876","2024-01-29 15:43:46:000025","1706553826025","2024-01-29 15:43:48:000289","1706553828289","2024-01-29 15:43:39:000876","1706553819876","2024-01-29 15:43:42:000985","1706553822985","2024-01-29 15:43:42:000986","1706553822986","2024-01-29 15:43:46:000025","1706553826025","2024-01-29 15:43:30:000608","1706553810608","2024-01-29 15:43:56:000225","1706553836225"
"166","1-2-3-4-5","Mixed","Shift","2024-01-29 15:44:25:000012","1706553865012","2024-01-29 15:44:33:000826","1706553873826","2024-01-29 15:44:00:000641","1706553840641","2024-01-29 15:44:12:000657","1706553852657","2024-01-29 15:44:20:000801","1706553860801","2024-01-29 15:44:25:000012","1706553865012","2024-01-29 15:44:12:000658","1706553852658","2024-01-29 15:44:17:000529","1706553857529","2024-01-29 15:44:17:000529","1706553857529","2024-01-29 15:44:20:000801","1706553860801","2024-01-29 15:44:00:000641","1706553840641","2024-01-29 15:44:33:000826","1706553873826"
"167","1-2-3-4-5","Mixed","Shift","2024-01-29 15:45:00:000098","1706553900098","2024-01-29 15:45:09:000474","1706553909474","2024-01-29 15:44:42:000706","1706553882706","2024-01-29 15:44:53:000602","1706553893602","2024-01-29 15:44:57:000654","1706553897654","2024-01-29 15:44:59:000810","1706553899810","2024-01-29 15:44:53:000602","1706553893602","2024-01-29 15:44:55:000404","1706553895404","2024-01-29 15:44:55:000404","1706553895404","2024-01-29 15:44:57:000653","1706553897653","2024-01-29 15:44:42:000706","1706553882706","2024-01-29 15:45:09:000474","1706553909474"
"168","1-2-3-4-5","Mixed","Shift","2024-01-29 15:45:30:000354","1706553930354","2024-01-29 15:45:38:000996","1706553938996","2024-01-29 15:45:14:000017","1706553914017","2024-01-29 15:45:24:000481","1706553924481","2024-01-29 15:45:28:000131","1706553928131","2024-01-29 15:45:30:000354","1706553930354","2024-01-29 15:45:24:000481","1706553924481","2024-01-29 15:45:26:000211","1706553926211","2024-01-29 15:45:26:000211","1706553926211","2024-01-29 15:45:28:000131","1706553928131","2024-01-29 15:45:14:000017","1706553914017","2024-01-29 15:45:38:000996","1706553938996"
"169","1-2-3-4-5","Mixed","Shift","2024-01-29 15:46:02:000018","1706553962018","2024-01-29 15:46:09:000824","1706553969824","2024-01-29 15:45:45:000738","1706553945738","2024-01-29 15:45:54:000770","1706553954770","2024-01-29 15:45:59:000363","1706553959363","2024-01-29 15:46:02:000018","1706553962018","2024-01-29 15:45:54:000770","1706553954770","2024-01-29 15:45:57:000802","1706553957802","2024-01-29 15:45:57:000802","1706553957802","2024-01-29 15:45:59:000363","1706553959363","2024-01-29 15:45:45:000738","1706553945738","2024-01-29 15:46:09:000824","1706553969824"
"170","1-2-3-4-5","Mixed","Shift","2024-01-29 15:46:32:000257","1706553992257","2024-01-29 15:46:38:000699","1706553998699","2024-01-29 15:46:15:000874","1706553975874","2024-01-29 15:46:25:000178","1706553985178","2024-01-29 15:46:29:000651","1706553989651","2024-01-29 15:46:31:000996","1706553991996","2024-01-29 15:46:25:000179","1706553985179","2024-01-29 15:46:27:000387","1706553987387","2024-01-29 15:46:27:000387","1706553987387","2024-01-29 15:46:29:000651","1706553989651","2024-01-29 15:46:15:000874","1706553975874","2024-01-29 15:46:38:000699","1706553998699"
"171","1-2-3-4-5","Mixed","Shift","2024-01-29 15:47:06:000138","1706554026138","2024-01-29 15:47:13:000705","1706554033705","2024-01-29 15:46:45:000045","1706554005045","2024-01-29 15:46:58:000611","1706554018611","2024-01-29 15:47:03:000883","1706554023883","2024-01-29 15:47:06:000138","1706554026138","2024-01-29 15:46:58:000612","1706554018612","2024-01-29 15:47:01:000052","1706554021052","2024-01-29 15:47:01:000052","1706554021052","2024-01-29 15:47:03:000882","1706554023882","2024-01-29 15:46:45:000045","1706554005045","2024-01-29 15:47:13:000705","1706554033705"
"172","1-2-3-4-5","Mixed","Shift","2024-01-29 15:47:39:000658","1706554059658","2024-01-29 15:47:46:000233","1706554066233","2024-01-29 15:47:17:000626","1706554037626","2024-01-29 15:47:32:000410","1706554052410","2024-01-29 15:47:36:000396","1706554056396","2024-01-29 15:47:39:000657","1706554059657","2024-01-29 15:47:32:000410","1706554052410","2024-01-29 15:47:34:000387","1706554054387","2024-01-29 15:47:34:000387","1706554054387","2024-01-29 15:47:36:000395","1706554056395","2024-01-29 15:47:17:000626","1706554037626","2024-01-29 15:47:46:000233","1706554066233"
"173","1-2-3-4-5","Numpad","Shift","2024-01-29 16:09:43:000353","1706555383353","2024-01-29 16:09:47:000432","1706555387432","2024-01-29 16:09:30:000104","1706555370104","2024-01-29 16:09:36:000427","1706555376427","2024-01-29 16:09:40:000602","1706555380602","2024-01-29 16:09:43:000353","1706555383353","2024-01-29 16:09:36:000428","1706555376428","2024-01-29 16:09:38:000154","1706555378154","2024-01-29 16:09:38:000154","1706555378154","2024-01-29 16:09:40:000601","1706555380601","2024-01-29 16:09:30:000104","1706555370104","2024-01-29 16:09:47:000432","1706555387433"
"174","1-2-3-4-5","Numpad","Shift","2024-01-29 16:10:12:000954","1706555412954","2024-01-29 16:10:18:000130","1706555418130","2024-01-29 16:09:57:000585","1706555397585","2024-01-29 16:10:05:000394","1706555405394","2024-01-29 16:10:11:000025","1706555411025","2024-01-29 16:10:12:000953","1706555412953","2024-01-29 16:10:05:000394","1706555405394","2024-01-29 16:10:08:000705","1706555408705","2024-01-29 16:10:08:000705","1706555408705","2024-01-29 16:10:11:000025","1706555411025","2024-01-29 16:09:57:000585","1706555397585","2024-01-29 16:10:18:000130","1706555418130"
"175","1-2-3-4-5","Mixed","Shift","2024-01-29 16:10:39:000682","1706555439682","2024-01-29 16:10:43:000890","1706555443890","2024-01-29 16:10:22:000625","1706555422625","2024-01-29 16:10:32:000418","1706555432418","2024-01-29 16:10:37:000012","1706555437012","2024-01-29 16:10:39:000681","1706555439681","2024-01-29 16:10:32:000418","1706555432418","2024-01-29 16:10:34:000321","1706555434321","2024-01-29 16:10:34:000321","1706555434321","2024-01-29 16:10:37:000012","1706555437012","2024-01-29 16:10:22:000625","1706555422625","2024-01-29 16:10:43:000890","1706555443890"
"176","1-2-3-4-5","Numpad","Shift","2024-01-29 16:11:06:000577","1706555466577","2024-01-29 16:11:11:000986","1706555471986","2024-01-29 16:10:50:000514","1706555450514","2024-01-29 16:10:58:000249","1706555458249","2024-01-29 16:11:03:000641","1706555463641","2024-01-29 16:11:06:000577","1706555466577","2024-01-29 16:10:58:000250","1706555458250","2024-01-29 16:11:00:000554","1706555460554","2024-01-29 16:11:00:000554","1706555460554","2024-01-29 16:11:03:000641","1706555463641","2024-01-29 16:10:50:000514","1706555450514","2024-01-29 16:11:11:000986","1706555471986"
"177","1-2-3-4-5","Numpad","Shift","2024-01-29 16:11:31:000570","1706555491570","2024-01-29 16:11:36:000419","1706555496419","2024-01-29 16:11:16:000378","1706555476378","2024-01-29 16:11:24:000586","1706555484586","2024-01-29 16:11:28:000882","1706555488882","2024-01-29 16:11:31:000569","1706555491569","2024-01-29 16:11:24:000586","1706555484586","2024-01-29 16:11:26:000403","1706555486403","2024-01-29 16:11:26:000403","1706555486403","2024-01-29 16:11:28:000882","1706555488882","2024-01-29 16:11:16:000378","1706555476378","2024-01-29 16:11:36:000419","1706555496419"
"178","1-2-3-4-5","Numpad","Shift","2024-01-29 16:12:02:000641","1706555522641","2024-01-29 16:12:10:000353","1706555530353","2024-01-29 16:11:43:000802","1706555503802","2024-01-29 16:11:51:000890","1706555511890","2024-01-29 16:11:59:000154","1706555519154","2024-01-29 16:12:02:000641","1706555522641","2024-01-29 16:11:52:000409","1706555512409","2024-01-29 16:11:55:000282","1706555515282","2024-01-29 16:11:51:000890","1706555511890","2024-01-29 16:11:52:000409","1706555512409","2024-01-29 16:11:43:000802","1706555503802","2024-01-29 16:12:10:000353","1706555530353"
"179","1-2-3-4-5","Numpad","Shift","2024-01-29 16:12:37:000834","1706555557834","2024-01-29 16:12:43:000346","1706555563346","2024-01-29 16:12:22:000010","1706555542010","2024-01-29 16:12:31:000083","1706555551083","2024-01-29 16:12:35:000826","1706555555826","2024-01-29 16:12:37:000833","1706555557833","2024-01-29 16:12:31:000083","1706555551083","2024-01-29 16:12:33:000106","1706555553106","2024-01-29 16:12:33:000106","1706555553106","2024-01-29 16:12:35:000826","1706555555826","2024-01-29 16:12:22:000010","1706555542010","2024-01-29 16:12:43:000346","1706555563346"
"180","1-2-3-4-5","Numpad","Shift","2024-01-29 16:13:03:000626","1706555583626","2024-01-29 16:13:08:000212","1706555588212","2024-01-29 16:12:48:000746","1706555568746","2024-01-29 16:12:57:000179","1706555577179","2024-01-29 16:13:01:000297","1706555581297","2024-01-29 16:13:03:000626","1706555583626","2024-01-29 16:12:57:000179","1706555577179","2024-01-29 16:12:58:000883","1706555578883","2024-01-29 16:12:58:000883","1706555578883","2024-01-29 16:13:01:000177","1706555581177","2024-01-29 16:12:48:000746","1706555568746","2024-01-29 16:13:08:000212","1706555588212"
"181","1-2-3-4-5","Numpad","Shift","2024-01-29 16:13:32:000546","1706555612546","2024-01-29 16:13:37:000403","1706555617403","2024-01-29 16:13:15:000403","1706555595403","2024-01-29 16:13:24:000818","1706555604818","2024-01-29 16:13:29:000738","1706555609738","2024-01-29 16:13:32:000546","1706555612546","2024-01-29 16:13:24:000818","1706555604818","2024-01-29 16:13:26:000860","1706555606860","2024-01-29 16:13:26:000860","1706555606860","2024-01-29 16:13:29:000737","1706555609737","2024-01-29 16:13:15:000403","1706555595403","2024-01-29 16:13:37:000403","1706555617403"
"182","1-2-3-4-5","Numpad","Shift","2024-01-29 16:14:01:000313","1706555641313","2024-01-29 16:14:06:000650","1706555646650","2024-01-29 16:13:44:000194","1706555624194","2024-01-29 16:13:54:000202","1706555634202","2024-01-29 16:13:58:000962","1706555638962","2024-01-29 16:14:00:000882","1706555640882","2024-01-29 16:13:54:000202","1706555634202","2024-01-29 16:13:56:000442","1706555636442","2024-01-29 16:13:56:000442","1706555636442","2024-01-29 16:13:58:000962","1706555638962","2024-01-29 16:13:44:000194","1706555624194","2024-01-29 16:14:06:000650","1706555646650"
"183","1-2-3-4-5","Mixed","Shift","2024-01-29 16:14:33:000009","1706555673009","2024-01-29 16:14:37:000418","1706555677418","2024-01-29 16:14:11:000738","1706555651738","2024-01-29 16:14:24:000427","1706555664427","2024-01-29 16:14:30:000266","1706555670266","2024-01-29 16:14:33:000009","1706555673009","2024-01-29 16:14:24:000698","1706555664698","2024-01-29 16:14:27:000138","1706555667138","2024-01-29 16:14:27:000138","1706555667138","2024-01-29 16:14:30:000266","1706555670266","2024-01-29 16:14:11:000738","1706555651738","2024-01-29 16:14:37:000418","1706555677418"
"184","1-2-3-4-5","Mixed","Shift","2024-01-29 16:15:01:000121","1706555701121","2024-01-29 16:15:04:000961","1706555704961","2024-01-29 16:14:41:000432","1706555681432","2024-01-29 16:14:50:000058","1706555690058","2024-01-29 16:14:55:000009","1706555695009","2024-01-29 16:15:00:000482","1706555700482","2024-01-29 16:14:50:000059","1706555690059","2024-01-29 16:14:52:000218","1706555692218","2024-01-29 16:14:52:000785","1706555692785","2024-01-29 16:14:55:000009","1706555695009","2024-01-29 16:14:41:000432","1706555681432","2024-01-29 16:15:04:000961","1706555704961"
"185","1-2-3-4-5","Numpad","Shift","2024-01-29 16:15:24:000930","1706555724930","2024-01-29 16:15:29:000363","1706555729363","2024-01-29 16:15:09:000626","1706555709626","2024-01-29 16:15:17:000514","1706555717514","2024-01-29 16:15:22:000266","1706555722266","2024-01-29 16:15:24:000929","1706555724929","2024-01-29 16:15:17:000514","1706555717514","2024-01-29 16:15:19:000642","1706555719642","2024-01-29 16:15:19:000642","1706555719642","2024-01-29 16:15:22:000266","1706555722266","2024-01-29 16:15:09:000626","1706555709626","2024-01-29 16:15:29:000363","1706555729363"
"186","1-2-3-4-5","Mixed","Shift","2024-01-29 16:15:49:000594","1706555749594","2024-01-29 16:15:53:000803","1706555753803","2024-01-29 16:15:33:000466","1706555733466","2024-01-29 16:15:41:000705","1706555741705","2024-01-29 16:15:47:000292","1706555747292","2024-01-29 16:15:49:000594","1706555749594","2024-01-29 16:15:41:000705","1706555741705","2024-01-29 16:15:43:000530","1706555743530","2024-01-29 16:15:43:000530","1706555743530","2024-01-29 16:15:47:000291","1706555747291","2024-01-29 16:15:33:000466","1706555733466","2024-01-29 16:15:53:000803","1706555753803"
"187","1-2-3-4-5","Numpad","Shift","2024-01-29 16:16:14:000946","1706555774946","2024-01-29 16:16:19:000113","1706555779113","2024-01-29 16:15:57:000281","1706555757281","2024-01-29 16:16:05:000850","1706555765850","2024-01-29 16:16:12:000762","1706555772762","2024-01-29 16:16:14:000946","1706555774946","2024-01-29 16:16:05:000850","1706555765850","2024-01-29 16:16:08:000378","1706555768378","2024-01-29 16:16:08:000378","1706555768378","2024-01-29 16:16:12:000762","1706555772762","2024-01-29 16:15:57:000281","1706555757281","2024-01-29 16:16:19:000113","1706555779113"
"188","1-2-3-4-5","Numpad","Shift","2024-01-29 16:16:37:000234","1706555797234","2024-01-29 16:16:41:000106","1706555801106","2024-01-29 16:16:23:000161","1706555783161","2024-01-29 16:16:30:000414","1706555790414","2024-01-29 16:16:35:000067","1706555795067","2024-01-29 16:16:37:000234","1706555797234","2024-01-29 16:16:30:000414","1706555790414","2024-01-29 16:16:32:000330","1706555792330","2024-01-29 16:16:32:000330","1706555792330","2024-01-29 16:16:35:000066","1706555795066","2024-01-29 16:16:23:000161","1706555783161","2024-01-29 16:16:41:000106","1706555801106"
